id,domain,status,purchase_price,renewal_price,attractiveness,demand,length,registrar,created_at,expires_at,status_verified_at
cb0cc958-81ff-485c-acea-3acde1735f98,grandmother.games,available,19.99,,high,low,11,name.com,,,
6a48c7ac-d17d-481a-9987-5b52af3733be,dazzlingly.games,available,11.98,42.98,medium,low,10,namecheap,,,14/09/2026 10:58
4a6a93f4-2408-492a-863d-ef78fe74c88d,articulate.games,available,33.99,33.99,high,low,10,namesilo,,,22/09/2026 08:42
834bcc4c-727a-414d-95e0-61704660a982,rules.games,premium,140,280,high,low,5,namecheap,,,
58df8f1b-caa3-45f4-9b2e-61144022f7ae,queenly.games,available,11.98,42.98,high,low,7,namecheap,,,09/09/2026 07:52
b8bb8d1f-cf2f-4abe-bfc3-8b877955a43d,units.games,available,33.99,33.99,medium,low,5,namesilo,,,17/09/2026 16:07
e12d8b49-51be-414d-9711-1e0b6714140f,naif.games,available,11.98,42.98,high,low,4,namecheap,,,03/09/2026 12:52
fdf1573e-f348-4a18-ab25-44ba6e631a46,dinner.games,available,8.24,27.29,high,low,6,porkbun,,,29/09/2026 15:01
f59fc73e-0fb7-45ff-bc5c-cfe10a3c1f26,meager.games,available,11.98,42.98,medium,low,6,namecheap,,,24/08/2026 18:02
576ad265-efa2-4871-a24f-b386ab30a16b,ornery.games,available,11.98,42.98,medium,low,6,namecheap,,,13/08/2026 08:28
c58747de-0ba6-47f5-aa67-112d26026385,crayola.games,available,,,high,medium,7,,,,
90d154cd-bc4f-4086-9af5-e637aa5cfb09,rushing.games,available,33.99,33.99,high,low,7,namesilo,,,27/09/2026 17:20
2fe3ef23-78d1-4967-be87-b5d98abc4ed1,acris.games,available,33.99,33.99,high,low,5,namesilo,,,17/09/2026 03:16
cb0c5212-5f59-42bf-8c37-b8cbbf9a27c5,acarine.games,available,11.98,42.98,medium,low,7,namecheap,,,16/09/2026 21:33
9c0efb1b-6f90-455b-a642-d949234c8e3e,gunpowder.games,available,35,,high,low,9,unstoppable,,,29/09/2026 12:59
aca6b328-c7b0-48e2-b103-82f61280a2b2,whispered.games,available,11.98,42.98,high,low,9,namecheap,,,13/09/2026 11:35
6939685b-f5af-4838-b7a0-f3d1c53ebf46,premise.games,available,11.98,42.98,high,low,7,namecheap,,,20/09/2026 16:37
0449f187-f1fc-4c72-a544-f2ca79a08785,boiled.games,available,11.98,42.98,high,low,6,namecheap,,,10/08/2026 17:32
bc290e72-f57c-4c9e-85b0-bd2519ea5ef7,putting.games,available,11.98,42.98,high,low,7,namecheap,,,25/09/2026 10:11
581c0094-11fc-4fef-9b9d-481602826382,clitoral.games,available,11.98,42.98,medium,low,8,namecheap,,,12/08/2026 11:25
52bdfa89-e69a-49a3-842f-2ae69cf3795a,wrote.games,available,19.99,,medium,low,5,name.com,,,
c1eeaa33-efac-4511-b860-a5dfd830f3d4,flushing.games,available,35,,medium,low,8,unstoppable,,,29/09/2026 10:01
c2137963-1dfa-4dbd-9209-9578bf2b1e72,deathless.games,available,14.99,43.99,medium,low,9,name.com,,,13/08/2026 20:02
f9d5d25e-9281-46d5-bbfa-bdd5af8f28f7,steamed.games,available,11.98,42.98,high,low,7,namecheap,,,
0604b190-7953-4711-ad19-40be1389c03b,dozens.games,available,11.98,42.98,high,low,6,namecheap,,,14/09/2026 23:20
1c93d297-0ff5-4e45-8894-a47ae56b3dbb,oleaceous.games,available,11.98,42.98,medium,low,9,namecheap,,,04/09/2026 02:06
70a58b63-b82b-4711-8e5b-5ff802605ad9,lank.games,available,11.98,42.98,medium,low,4,namecheap,,,22/08/2026 19:32
869d0ca8-25a4-4936-aec9-6ffcbdb2cdcd,apsu.games,available,33.99,33.99,medium,low,4,namesilo,,,19/09/2026 22:37
b2b7a92d-2f65-4991-aa84-c8b47f028ac1,correction.games,available,33.99,33.99,medium,low,10,namesilo,,,28/09/2026 09:23
7982b518-077b-45c8-b7e9-73e86492d968,vacancy.games,available,8.24,28.04,high,low,7,dynadot,,,29/09/2026 20:34
0d1412ee-0d93-4cf0-b3b3-7c93cfddf510,adaxial.games,available,11.98,42.98,medium,low,7,namecheap,,,
9caaf8c2-cb37-4924-9d6e-f6ad8ee31099,sixpenny.games,available,11.98,42.98,high,low,8,namecheap,,,10/09/2026 09:06
645d1065-aed4-4414-ba0c-4588e1a07e17,carlsbad.games,available,35,,high,low,8,unstoppable,,,29/09/2026 18:13
e18d9ea8-a926-45e0-9cfe-0e2503cc75b7,denary.games,available,11.98,42.98,medium,low,6,namecheap,,,13/08/2026 21:30
89d716ff-6e3c-44e7-8a45-e50ce5445ed4,togged.games,available,11.98,42.98,medium,low,6,namecheap,,,11/09/2026 16:44
7aa0fdd0-fbb1-41e1-864d-ca58130e1586,perhaps.games,available,35,,high,low,7,unstoppable,,,28/09/2026 16:16
d2f0ae85-b7cd-4b63-b018-acf6b1431d8f,cafeteria.games,available,33.99,33.99,high,low,9,namesilo,,,24/09/2026 11:37
27138613-044c-4e4f-908c-cd73aa0bb5ce,arbitrate.games,available,11.98,42.98,high,low,9,namecheap,,,22/08/2026 08:17
f4bd9768-6bdc-4edc-a5a2-d774b5e15c89,autobiography.games,available,8.24,27.29,medium,low,13,porkbun,,,29/09/2026 23:22
757d32d3-a287-42c5-8e6e-ad77d11a4338,banding.games,available,33.99,33.99,high,low,7,namesilo,,,22/09/2026 01:17
3c4bdb9c-8503-4e41-b0db-788fe82aea07,shortage.games,available,35,,medium,low,8,unstoppable,,,28/09/2026 18:53
5c4278d2-d8ff-4f7a-8919-9678722b38d2,banker.games,available,33.99,33.99,high,low,6,namesilo,,,22/09/2026 02:46
21694c11-f6ab-439c-aa45-65ca514b25a5,blacken.games,available,11.98,42.98,medium,low,7,namecheap,,,10/08/2026 11:10
c49e19eb-008e-480f-9284-6b29b53b6bdb,radical.games,resell,,,high,low,7,"Xiamen ChinaSource Internet Service Co., Ltd",23/01/2025 15:15,23/01/2027 15:15,26/09/2026 08:28
0137c42b-e06b-4615-ae39-15b0ced1caf6,wrist.games,available,10.55,27.11,high,low,5,spaceship,,,28/09/2026 22:18
822db35e-2890-4bdb-82db-635bd1eda380,praying.games,available,33.99,33.99,high,low,7,namesilo,,,27/09/2026 06:47
350fc72b-ee2f-4a11-9ff9-136e6c2fc1ae,signally.games,available,11.98,42.98,medium,low,8,namecheap,,,16/09/2026 01:49
5777f70b-4831-4b52-aeb5-2dfebd910765,darryl.games,available,26.2,26.2,medium,low,6,cloudflare,,,28/09/2026 21:59
159995c0-35ff-4743-b902-a0b78d5efdec,resolute.games,available,33.99,33.99,high,low,8,namesilo,,,27/09/2026 12:14
064dce79-3051-4f61-8cef-4754c66aff91,highlights.games,available,35,,high,low,10,unstoppable,,,29/09/2026 17:36
b9aae9e7-ce78-495a-9e4d-7de0e80932c6,awestruck.games,available,11.98,42.98,high,low,9,namecheap,,,08/08/2026 01:00
ba0ababc-b329-4701-a0c9-5cfce40cb65e,metastatic.games,available,11.98,42.98,medium,low,10,namecheap,,,24/08/2026 21:49
fb5014c3-0d2c-486b-91eb-104c0e184862,tyrolean.games,available,11.98,42.98,medium,low,8,namecheap,,,11/09/2026 22:33
a7c24a88-0bb2-4c02-8158-cbe23c2f98f1,bathing.games,available,11.98,42.98,high,low,7,namecheap,,,22/09/2026 13:36
427d4cc7-e4bb-44ea-91a2-7b44bf523d41,vitrified.games,available,11.98,42.98,medium,low,9,namecheap,,,13/09/2026 06:20
e714541c-75f9-40ae-bee7-6b9a7f4c547a,student.games,premium,99.5,128.7,high,low,7,unstoppable,,,29/09/2026 03:37
d09d9500-5651-41a1-a2cd-56588056af69,convolve.games,available,11.98,42.98,medium,low,8,namecheap,,,13/08/2026 00:01
e5058cd8-13b6-4b6b-9492-9f1e9c2bcc26,declarer.games,available,33.99,33.99,high,low,8,namesilo,,,17/09/2026 14:33
43ccae50-1e94-45f5-b91e-cda4173cfddc,wrestler.games,available,10.55,27.11,high,low,8,spaceship,,,29/09/2026 19:04
0dca4c52-6b87-4f16-9c0d-9639c75ca516,candescent.games,available,11.98,42.98,medium,low,10,namecheap,,,11/08/2026 16:39
fd875f4c-ac0d-4e23-9846-afa8d61ebcc6,policemen.games,available,10.55,27.11,medium,low,9,spaceship,,,28/09/2026 18:03
78742223-4b79-472b-a2b1-0b002aa45601,escort.games,resell,,,high,low,6,Dynadot Inc,20/07/2026 17:00,20/07/2027 17:00,26/09/2026 05:53
a87aca02-066f-4985-a458-7f18462aa9e7,coding.games,premium,130,260,high,low,6,namecheap,,,28/09/2026 05:32
3917041b-0c11-4768-901f-70002667b929,englishman.games,available,33.99,33.99,high,low,10,namesilo,,,29/09/2026 12:12
a19423a6-974d-43e4-a17b-4049344f667a,cheery.games,available,11.98,42.98,high,low,6,namecheap,,,12/08/2026 03:56
110a6e7c-6359-4c97-acea-a71c315f87f6,expository.games,available,11.98,42.98,medium,low,10,namecheap,,,17/08/2026 18:39
f3a23e64-0d60-43a6-b561-4f00ce6792a8,berra.games,available,33.99,33.99,medium,low,5,namesilo,,,23/09/2026 10:04
7624ad16-70db-4d8c-bff4-c29e9346e318,bioko.games,available,11.98,42.98,medium,low,5,namecheap,,,23/09/2026 18:17
0c96cdf0-f7d7-40d2-8080-a596b8d02f70,hawks.games,available,33.99,33.99,medium,low,5,namesilo,,,28/09/2026 22:17
82f20c0c-b305-4bf2-9f7e-ec138929ab44,airless.games,available,11.98,42.98,medium,low,7,namecheap,,,
315bb91e-6083-4c29-9f1e-16f11b5b940f,tomas.games,available,33.99,33.99,medium,low,5,namesilo,,,28/09/2026 04:37
f78d4494-ab14-4e98-8d58-679e57be7887,effectively.games,available,19.99,,high,low,11,name.com,,,
ac842732-2ce9-402a-a761-3778fbbe642b,jacobean.games,available,11.98,42.98,high,low,8,namecheap,,,22/08/2026 11:47
f370b1f6-e12c-4c23-a020-b82ab0d0f827,crusty.games,available,11.98,42.98,high,low,6,namecheap,,,13/08/2026 09:26
7116eeec-a1a5-4686-9bd4-95f87ae0ad87,turbulent.games,available,11.98,42.98,medium,low,9,namecheap,,,14/08/2026 12:26
a96144da-369c-4ac6-9ca5-78fddc79a73d,alexanders.games,available,33.99,33.99,medium,low,10,namesilo,,,18/09/2026 05:47
7c8e54b4-9e13-4ca2-a4b6-f03f6cf6eaf5,abducted.games,available,35,,medium,low,8,unstoppable,,,29/09/2026 05:02
1d054efb-66be-4023-ab1e-d140c5b651f8,prolate.games,available,11.98,42.98,high,low,7,namecheap,,,15/08/2026 18:52
4aaa5a06-09e8-402a-9300-0373cd5ac60b,stannic.games,available,11.98,42.98,low,low,7,namecheap,,,10/09/2026 18:41
d390fd66-1dd4-41ee-b541-3c25e5b3a32a,setting.games,available,19.99,,high,low,7,name.com,,,
1181c619-8ef9-42a7-8188-4b716bbe02c0,plantal.games,available,11.98,42.98,medium,low,7,namecheap,,,08/09/2026 20:48
318d6b75-0b4b-44ed-8093-95b6f716e396,miry.games,available,11.98,42.98,medium,low,4,namecheap,,,10/08/2026 17:05
dfe4e5d3-a3f0-48ab-9b55-8afd336e8507,carangid.games,available,11.98,42.98,medium,low,8,namecheap,,,11/08/2026 18:31
7c0ef6a3-c4c3-43bd-8385-a53adcf83f7e,adventive.games,available,11.98,42.98,medium,low,9,namecheap,,,
270f5055-7644-4434-ac6f-6bd9e577d176,reaching.games,available,33.99,33.99,high,low,8,namesilo,,,20/09/2026 09:16
414bc0d7-6862-4ee3-9708-b327a9eb97e2,relaxed.games,available,11.98,42.98,high,low,7,namecheap,,,09/09/2026 13:24
18fe1bde-7d4e-4e93-9196-dbe1457cb44b,smirks.games,available,33.99,33.99,low,low,6,namesilo,,,20/09/2026 14:28
d181e812-d16a-4584-867a-7badfd6a8d5a,speedily.games,available,11.98,42.98,medium,low,8,namecheap,,,13/09/2026 20:19
53c903d1-cc41-4598-823a-558dfea5e358,gibson.games,available,11.98,42.98,high,low,6,namecheap,,,18/09/2026 14:55
d005d6ee-a14b-4d8d-bca3-84a25dac7ad5,kitts.games,available,33.99,33.99,medium,low,5,namesilo,,,29/09/2026 09:58
519c1e36-1f43-4367-a9db-607054913c44,weldon.games,available,8.24,28.04,medium,low,6,dynadot,,,28/09/2026 16:37
763a1a4b-b9a7-4dcd-a5a0-940424ee8a05,sisal.games,available,33.99,33.99,medium,low,5,namesilo,,,17/09/2026 16:39
da396bdf-72c5-4e64-aca3-cfabab14dce6,branched.games,available,11.98,42.98,high,low,8,namecheap,,,09/08/2026 20:12
d59f7096-d5e4-4e27-9064-e0702e664a5e,readily.games,available,11.98,42.98,medium,low,7,namecheap,,,15/09/2026 21:42
64a51eb1-6a83-48ba-b7cd-7dbb649e20e4,objected.games,available,33.99,33.99,medium,low,8,namesilo,,,18/09/2026 23:50
bcb89b1b-267a-46fb-bc29-f9de304cb835,bakery.games,available,26.2,26.2,high,low,6,cloudflare,,,28/09/2026 12:14
8624255d-b790-4179-b627-c8eaf2409b23,anther.games,available,33.99,33.99,medium,low,6,namesilo,,,19/09/2026 13:08
2fd4fa9c-43fe-430a-8a34-9d543eb6d5ca,primer.games,available,35,,high,low,6,unstoppable,,,29/09/2026 19:29
86672fba-91d4-4203-88f0-68c7a0daf484,neo.games,premium,260,520,high,medium,3,namecheap,,,03/09/2026 15:19
34891b3e-2668-4e48-b839-ca6351602e09,tolerant.games,available,11.98,42.98,high,low,8,namecheap,,,22/08/2026 19:55
00e848ae-eb93-40eb-94d4-7e364d794d24,una.games,premium,,,high,low,3,,,,29/09/2026 14:42
25ceacef-fd2e-4b06-a16d-0afd3fa51ea3,realization.games,available,26.2,26.2,high,low,11,cloudflare,,,29/09/2026 22:49
e4d0e134-0edd-46b2-8d6b-04007d6c8770,ten.games,premium,130,260,high,low,3,namecheap,,,21/09/2026 10:51
654e0913-07a4-42c7-becf-5c5e7d1398b1,plantation.games,available,35,,high,low,10,unstoppable,,,28/09/2026 06:31
7f821773-9a4c-4fcf-a562-34e6fd89a77f,beijing.games,premium,118.8,118.8,high,low,7,namesilo,,,23/09/2026 04:10
02472cb8-895d-4994-94cf-c92b3b096e48,favorites.games,available,35,,medium,low,9,unstoppable,,,28/09/2026 18:13
1a588c14-14b5-4563-8bf4-45d24353fc17,philippine.games,available,11.98,42.98,high,low,10,namecheap,,,18/08/2026 04:21
7ddc9b82-a8cd-4bdb-853b-efdd3cdb49a5,armagh.games,available,33.99,33.99,medium,low,6,namesilo,,,29/09/2026 10:03
e8a8090d-07f8-45bc-bdbd-b0d9e94606dc,amounts.games,available,26.2,26.2,low,low,7,cloudflare,,,28/09/2026 18:09
f401e51e-89b3-41f1-b6f2-d01f133068e9,crinoid.games,available,11.98,42.98,medium,low,7,namecheap,,,13/08/2026 06:58
fcd77642-a00c-4fb9-a3a1-e1623e71ce73,balthazar.games,available,33.99,33.99,high,low,9,namesilo,,,22/09/2026 00:14
e4626842-4d48-45f9-a7fc-549107b80046,limo.games,available,19.99,,high,low,4,name.com,,,
dd46a52d-491f-4a29-a4e6-c7592b158566,smatter.games,available,33.99,33.99,high,low,7,namesilo,,,24/09/2026 04:48
a54158a8-6946-4e6a-b949-1c34ed3727f2,statues.games,available,10.55,27.11,high,low,7,spaceship,,,29/09/2026 10:39
4ab79f6d-b056-4897-adef-6dd443a84205,spoilt.games,available,11.98,42.98,medium,low,6,namecheap,,,10/08/2026 14:19
ff008eff-d0b3-45a8-9ba1-6149d756bef3,consume.games,available,35,,high,low,7,unstoppable,,,29/09/2026 02:37
7e396a49-f122-4b40-ad9a-8f8e7c74a737,treatment.games,available,8.24,27.29,high,low,9,porkbun,,,28/09/2026 08:22
d1ba6ede-d414-4672-919f-fcfaa6de8223,autogenous.games,available,11.98,42.98,medium,low,10,namecheap,,,07/08/2026 20:16
120bb713-d4fe-4eaf-8078-1b0113316302,tcp.games,premium,51.43,102.67,high,low,3,spaceship,,,28/09/2026 03:08
45e8f6b6-c801-4e0e-b905-cecba2483fb1,alarmism.games,available,14.99,43.99,medium,low,8,name.com,,,18/09/2026 01:58
73038fb6-d775-4f92-bd10-91620b562960,unrevealed.games,available,11.98,42.98,medium,low,10,namecheap,,,12/09/2026 08:09
d3c2512a-71c3-4c56-8cf7-8a114cf51aa2,sublimed.games,available,11.98,42.98,medium,low,8,namecheap,,,11/09/2026 00:03
68a884a2-af95-4188-b98a-d972cfc17c46,berkshires.games,available,14.99,43.99,medium,low,10,name.com,,,23/09/2026 09:35
37eea6c4-39e2-4ace-affb-468193d63798,dogsit.games,available,19.99,,high,low,6,name.com,,,
8f78f139-1c52-4c72-873d-4e626d2aab1e,bruxelles.games,available,33.99,33.99,high,low,9,namesilo,,,23/09/2026 04:57
a0e0c95f-5cc1-4e01-bb20-da3d0e0ae8f0,spangly.games,available,11.98,42.98,medium,low,7,namecheap,,,18/08/2026 21:20
a296dcfb-f3e7-4dcd-916d-79628bdb78b5,unobserved.games,available,11.98,42.98,medium,low,10,namecheap,,,12/09/2026 16:04
3d011545-ecf8-48d8-8e24-d2a15ff73581,unsweet.games,available,11.98,42.98,low,low,7,namecheap,,,10/09/2026 01:07
60722129-acaf-4b9c-a9d6-3b2043109732,marches.games,available,8.24,28.04,medium,low,7,dynadot,,,29/09/2026 19:38
13ca543f-3d7b-4872-b76f-1455ad637138,thug.games,available,33.99,33.99,high,low,4,namesilo,,,27/09/2026 08:15
5a4fa15c-d1ef-45c7-94e1-839b86600108,robed.games,available,11.98,42.98,medium,low,5,namecheap,,,06/08/2026 05:03
4ed886c9-bc83-4485-bc83-75b8a65e54ff,bellbird.games,available,33.99,33.99,medium,low,8,namesilo,,,23/09/2026 05:55
b020daed-f400-47d2-b183-d876475a9963,volcanic.games,available,11.98,42.98,high,low,8,namecheap,,,13/09/2026 06:48
bf13f210-8a73-40f4-bf40-cacd94c65c9e,banality.games,available,11.98,42.98,medium,low,8,namecheap,,,12/08/2026 19:14
eee30b78-63bf-4c58-8008-8e29bc2299a5,basically.games,available,10.55,27.11,medium,low,9,spaceship,,,28/09/2026 13:22
6a7ded3e-1815-4e26-9c42-37b0a41ea47f,gloaming.games,available,11.98,42.98,medium,low,8,namecheap,,,11/09/2026 21:41
fc91598e-8f48-4ef1-833d-f2c0a3def9a1,mechanics.games,resell,,,high,low,9,,,,28/09/2026 02:33
2fe1aafd-d929-450d-bf12-6ef96b48b7b0,tomboy.games,available,33.99,33.99,high,low,7,namesilo,,,25/09/2026 14:50
83f858c6-1bd6-44ed-b207-d5ab4b5c24fa,fossilized.games,available,11.98,42.98,medium,low,10,namecheap,,,18/08/2026 13:12
37e04e7e-fa90-40ec-84e9-b8b49c2350cd,aboulic.games,available,11.98,42.98,medium,low,7,namecheap,,,
e0e6c2d9-6f2a-4f07-9267-cf0371f6870c,adsorbent.games,available,11.98,42.98,medium,low,9,namecheap,,,
5a374bca-5711-4c25-981a-c1435f95ac8f,strapped.games,available,10.55,27.11,medium,low,8,spaceship,,,30/09/2026 00:36
862e0156-da50-4234-bde4-92eff195bc27,slovenian.games,available,11.98,42.98,medium,low,9,namecheap,,,10/09/2026 11:19
79f76c22-f1c5-4854-aa41-32b92d5625c6,symons.games,available,33.99,33.99,medium,low,6,namesilo,,,20/09/2026 11:07
d536dbd4-396f-460d-b99e-7367871d3b95,trimox.games,available,33.99,33.99,medium,low,6,namesilo,,,18/09/2026 22:57
af6942e2-c0c2-4013-b072-2e07136ae04e,anomy.games,available,33.99,33.99,medium,low,5,namesilo,,,19/09/2026 11:32
9faf4484-144f-44cb-a676-07c533fb60d9,blixen.games,available,33.99,33.99,medium,low,6,namesilo,,,22/09/2026 07:24
f7e1284f-bf01-4d7d-a55b-afa9c333d973,unposed.games,available,11.98,42.98,medium,low,7,namecheap,,,12/09/2026 17:15
e834025a-fd9d-42ed-afc6-6d19689fa6fb,photographic.games,available,26.2,26.2,high,low,12,cloudflare,,,28/09/2026 21:08
99d48719-689a-4ae5-972a-22bab5709bc2,thousand.games,available,33.99,33.99,high,low,8,namesilo,,,21/09/2026 11:02
b65b1f28-0967-4ce2-bc73-e9b48e41e6cc,glamourous.games,available,11.98,42.98,high,low,10,namecheap,,,19/08/2026 00:17
9e66f17a-9d43-4684-ae3c-dfbca1899084,mouldy.games,available,11.98,42.98,medium,low,6,namecheap,,,25/08/2026 03:52
d93abebe-7c76-4c7d-a38b-5b496b984630,pandora.games,resell,,,high,low,7,"Xiamen ChinaSource Internet Service Co., Ltd",11/11/2021 13:15,11/11/2026 13:15,26/09/2026 08:00
d687c7fd-29fd-4d37-9258-7266d1d62fa2,obstruction.games,available,8.24,27.29,medium,low,11,porkbun,,,28/09/2026 17:02
dc1e5ace-9aa9-415c-94f8-519ad3fa70e4,nescience.games,available,11.98,42.98,medium,low,9,namecheap,,,12/09/2026 14:26
aab0cfd0-736f-4721-be8a-3e8ff5687217,amiens.games,available,8.24,28.04,medium,low,6,dynadot,,,29/09/2026 04:12
7f59ade0-550b-41d3-9077-2d039b4d92b8,lxxx.games,available,11.98,42.98,medium,low,4,namecheap,,,
d73fffe2-ada7-4f17-84e0-7466b415e2d6,blackpool.games,available,33.99,33.99,medium,low,9,namesilo,,,24/09/2026 02:57
cf00f16f-70c7-48e3-baad-ffc1063da03c,link.games,resell,,,high,medium,4,"Chengdu West Dimension Digital Technology Co., Ltd.",20/03/2018 13:17,20/03/2027 13:17,29/09/2026 10:12
f2dfa27e-e56d-423c-b438-86a4e12d9a59,backwater.games,available,33.99,33.99,high,low,9,namesilo,,,21/09/2026 16:21
d2007825-1576-4f42-a169-abb57116de7d,mediterranean.games,available,10.55,27.11,high,low,13,spaceship,,,29/09/2026 08:26
7566c53a-b089-4eb0-a572-8c9cc7b45eb6,bagful.games,available,11.98,42.98,medium,low,6,namecheap,,,21/09/2026 17:57
0e380682-1639-4e62-b7cc-5d112d5c6935,humid.games,available,11.98,42.98,high,low,5,namecheap,,,21/08/2026 15:17
e344b67f-4efb-42d9-9fb4-ad960933ec00,observatory.games,available,26.2,26.2,high,low,11,cloudflare,,,29/09/2026 08:28
e6469095-a92e-429f-965f-9a38414f9bf6,abuse.games,available,11.98,42.98,high,low,5,namecheap,,,08/09/2026 12:39
9e2d76f0-79f7-466b-8d7f-39f82e1e942f,painting.games,premium,118.8,118.8,high,low,8,namesilo,,,25/09/2026 07:33
28c338c6-8318-484e-881e-388b5528ea7f,squarish.games,available,11.98,42.98,medium,low,8,namecheap,,,10/09/2026 17:29
14c5aca9-eb0e-4b86-a3d1-5d800976413e,anhinga.games,available,33.99,33.99,medium,low,7,namesilo,,,19/09/2026 08:18
da752038-fe86-47ba-a213-8bfdc9e1922d,decreasing.games,available,11.98,42.98,medium,low,10,namecheap,,,13/08/2026 22:12
4a2336fc-692a-40a0-be61-1fbdbaeb9c77,zagreb.games,available,8.24,28.04,high,low,6,dynadot,,,28/09/2026 06:54
af993bc8-a65f-4729-8f07-16a64fb0f0c7,whips.games,available,33.99,33.99,medium,low,5,namesilo,,,17/09/2026 19:42
8c0a048a-e95a-4af5-b6ec-5a4354651038,niggers.games,available,33.99,33.99,low,low,7,namesilo,,,16/09/2026 14:20
b4bcecd5-9811-4164-ae58-72ea7bd9c8d4,stress.games,available,35,,high,low,6,unstoppable,,,28/09/2026 17:21
e5f82851-dce3-4b48-8624-7b43b2fced1d,fortified.games,available,11.98,42.98,high,low,9,namecheap,,,09/08/2026 00:17
3a91d9ff-fb16-4ac0-b7e8-bae1f5616d62,america.games,premium,1750,3500,high,medium,7,namecheap,,,28/09/2026 20:53
323be41e-4dfc-4e61-82b0-5187bdbac0ef,matchless.games,available,11.98,42.98,high,low,9,namecheap,,,24/08/2026 17:00
cf7864b5-ef41-42e8-a748-bd30592c7fed,sensual.games,available,33.99,33.99,high,low,7,namesilo,,,22/09/2026 04:34
427d484b-8c27-41b7-ac87-70341f2b17bc,cataphatic.games,available,11.98,42.98,medium,low,10,namecheap,,,11/08/2026 21:04
12ea4b60-eee3-4269-b63d-f07dbdb9b492,loss.games,available,19.99,,high,low,4,name.com,,,
9d424b28-8271-44a7-8693-e8ac357b4e74,departing.games,available,10.55,27.11,high,low,9,spaceship,,,29/09/2026 14:42
7b707859-50cb-4ad1-abf8-e526ec777e79,identify.games,available,11.98,42.98,high,low,8,namecheap,,,25/09/2026 12:36
660cf60f-7332-4e91-83ce-acaf43bdee54,relations.games,available,19.99,,high,low,9,name.com,,,
a9677fa6-fdf6-47c8-86f7-f66c4a06ad93,extralegal.games,available,11.98,42.98,medium,low,10,namecheap,,,17/08/2026 19:14
ef61f847-d90c-4819-9e2b-b8b4b7ddb154,relied.games,available,33.99,33.99,medium,low,6,namesilo,,,20/09/2026 05:00
eb3a5729-ade8-4b89-9de1-b0150585d1a1,fremont.games,available,33.99,33.99,medium,low,7,namesilo,,,27/09/2026 04:04
dbc592d5-5550-4208-af93-ea438ab5ddb5,fasten.games,available,19.99,,high,low,6,name.com,,,
f7131542-e517-478d-b42c-11e8fbbf64bd,damascus.games,premium,51.43,102.67,high,low,8,spaceship,,,29/09/2026 07:02
8ebf48cc-1e29-419a-8320-703049cea69a,convinced.games,available,19.99,,high,low,9,name.com,,,
d42612dd-4080-4b27-81dc-3c6fb4f4461b,industrial.games,resell,,,high,low,10,"DNSPod, Inc.",26/07/2022 16:40,26/07/2027 16:40,26/09/2026 06:51
7a2f1966-ad4f-421c-bec0-3446dc4511a5,rowley.games,available,10.55,27.11,medium,low,6,spaceship,,,28/09/2026 12:08
49446174-e384-4f21-8772-60ceca24a677,determines.games,available,33.99,33.99,medium,low,10,namesilo,,,19/09/2026 23:58
cfe2230c-8204-4ed8-b7e2-652772aaa3b4,fleeing.games,available,35,,medium,low,7,unstoppable,,,29/09/2026 03:23
da716c90-87c5-4ea2-8f6b-d3f5e8de9994,thriving.games,available,35,42.98,high,low,8,unstoppable,,,28/09/2026 05:53
904e33fc-2851-45e6-88ce-787ab5fb44eb,kurrat.games,available,33.99,33.99,medium,low,6,namesilo,,,18/09/2026 11:14
c6b740bc-f8ea-416f-abfd-a6818b3d5571,indira.games,available,35,,medium,low,6,unstoppable,,,29/09/2026 22:36
473ea48b-6fc0-4217-9ca5-dd66bb672446,earliest.games,available,33.99,33.99,medium,low,8,namesilo,,,24/09/2026 12:55
058ef327-0fbf-4b60-92b1-31856a37a816,maine.games,premium,108.9,108.9,high,low,5,dynadot,,,28/09/2026 06:19
a710244d-1d41-40be-8f8a-4665adae0a6a,xxi.games,premium,118.8,118.8,high,low,3,namesilo,,,21/09/2026 12:32
2a6dcd4d-3bf3-4665-b8ee-ee3cae28bef9,alarmist.games,available,11.98,42.98,medium,low,8,namecheap,,,18/09/2026 01:59
905a561b-b426-4fcf-b75d-ad8a0c3961d9,rusted.games,available,11.98,42.98,medium,low,6,namecheap,,,09/09/2026 20:17
758bbb0d-76e2-431e-8252-9c1735767652,carew.games,available,26.2,26.2,medium,low,5,cloudflare,,,30/09/2026 00:59
e5742f00-7fcb-49c2-95e8-29c2e06a664d,laundry.games,available,9.99,57.99,high,low,7,godaddy,,,30/09/2026 02:10
55cde295-720d-417d-942b-d84296e3adce,belong.games,available,19.99,,high,low,6,name.com,,,
54ef5369-246b-470a-86aa-ea7b72c38891,parhelic.games,available,11.98,42.98,medium,low,8,namecheap,,,08/09/2026 01:31
3ae303c4-4253-4904-871d-af34506446fc,squealer.games,available,33.99,33.99,medium,low,8,namesilo,,,23/09/2026 11:32
e02098d0-3d94-457c-bdab-40bf57cef0ab,phial.games,available,33.99,33.99,medium,low,5,namesilo,,,18/09/2026 23:47
739e6ba1-b50c-4ce2-b652-ef2ecb47ee70,insurable.games,available,11.98,42.98,high,low,9,namecheap,,,22/08/2026 07:40
024857d2-b320-42bd-b734-22842d4331bc,agony.games,available,11.98,42.98,high,low,5,namecheap,,,11/09/2026 01:10
0fbb432d-3efe-425a-b88c-4ed9f7aca1b4,unreported.games,available,11.98,42.98,medium,low,10,namecheap,,,12/09/2026 18:19
4f3f6e01-0db8-4640-9cdd-f9038c937188,arsine.games,available,33.99,33.99,medium,low,6,namesilo,,,20/09/2026 09:42
ab70c926-1804-45ed-9ff4-4ef23985f2bb,marginally.games,available,11.98,42.98,medium,low,10,namecheap,,,15/09/2026 13:29
a1ae0f0e-6b76-41a0-a23c-608b946c985f,acorus.games,available,33.99,33.99,medium,low,6,namesilo,,,17/09/2026 02:25
af07a138-dab1-4f0d-89ca-3098de80b8e6,befog.games,available,11.98,42.98,medium,low,5,namecheap,,,03/09/2026 23:52
3f8215f8-d6ad-4ec4-9975-1f60e09fced4,grainy.games,available,11.98,42.98,medium,low,6,namecheap,,,12/08/2026 14:00
daa61281-7817-495e-91e2-385c4fc4cc16,boil.games,available,35,,medium,low,4,unstoppable,,,29/09/2026 00:13
84a91d77-8605-4b0b-9c24-dd8bccbc8f89,aigrette.games,available,14.99,43.99,medium,low,8,name.com,,,17/09/2026 20:55
47a72f3e-5bb3-4e67-8112-f76d5db97226,cricket.games,premium,118.8,118.8,high,low,7,namesilo,,,29/09/2026 12:00
c11d8e79-0c78-4bce-94f3-c7c799912e07,marlow.games,available,10.55,27.11,high,low,6,spaceship,,,30/09/2026 00:14
7bddd8e9-d393-4216-b8f6-d715634f4baa,exclaims.games,available,11.98,42.98,medium,low,8,namecheap,,,19/09/2026 23:36
2fa39168-bf03-48d4-a1f5-6956df5d4bc7,fina.games,available,26.2,26.2,high,low,4,cloudflare,,,29/09/2026 14:46
d9e5d21b-6ccd-46e4-9799-13a357bde4ec,photographers.games,available,33.99,33.99,medium,low,13,namesilo,,,19/09/2026 22:58
e34f22da-149d-4a99-bcc5-a76075212ee0,nauseating.games,available,11.98,42.98,medium,low,10,namecheap,,,24/08/2026 08:23
dc003b34-41b3-4023-a8a7-1f583fc466ac,manlike.games,available,11.98,42.98,medium,low,7,namecheap,,,24/08/2026 14:48
67cfaf4f-162c-4e00-9a78-4d3aaa49698a,sceptical.games,available,11.98,42.98,medium,low,9,namecheap,,,14/08/2026 09:36
6dd40ec4-d0c1-4ba1-8abd-5f1b4bdf74fe,goodwin.games,available,19.99,,high,low,7,name.com,,,
9cda7b0f-5548-4f35-99a0-0188312fda3e,coldly.games,available,10.55,27.11,low,low,6,spaceship,,,28/09/2026 14:07
0bb31700-4ccf-4ab2-9cfc-de1777defdc2,grinding.games,available,8.24,28.04,medium,low,8,dynadot,,,28/09/2026 19:23
0ab71b6b-53df-4cb6-b8ff-df77cb1aa23a,tortured.games,available,11.98,42.98,medium,low,8,namecheap,,,
c067dd03-99d8-4f4e-95d1-1713c6956ba4,candidly.games,available,11.98,42.98,high,low,8,namecheap,,,14/09/2026 05:06
79b855ed-16c6-422f-8511-936019a4edbe,berretta.games,available,33.99,33.99,low,low,8,namesilo,,,23/09/2026 10:07
efd80577-05aa-44da-b1f2-9047801a7eae,resinous.games,available,11.98,42.98,medium,low,8,namecheap,,,09/09/2026 15:13
2e669581-e8d7-44e2-907a-6518055fa00c,postmortal.games,available,11.98,42.98,medium,low,10,namecheap,,,09/09/2026 00:33
b2285164-b96e-49ed-8153-8d4d6b85fb91,pappa.games,available,11.98,42.98,high,low,5,namecheap,,,08/09/2026 23:42
eb90cca8-f04b-452f-9e75-4d24afdb0360,relocated.games,available,11.98,42.98,high,low,9,namecheap,,,09/09/2026 13:39
8afc4ac5-1940-4838-ba5e-76631ecfe04a,contest.games,premium,118.8,118.8,high,low,7,namesilo,,,29/09/2026 11:25
a888762d-ccb2-46a7-904f-a106239faa08,accented.games,available,11.98,42.98,medium,low,8,namecheap,,,
aa2d8b64-6957-4ae1-9723-7725bffbc338,pottery.games,available,10.55,27.11,high,low,7,spaceship,,,29/09/2026 06:22
0ca78e22-1134-40a0-bf4b-bc6e2d8086fc,semifinal.games,available,33.99,33.99,high,low,10,namesilo,,,16/09/2026 09:45
1cc2841b-7430-422b-bcab-0959af2b5a3a,auteur.games,available,33.99,33.99,high,low,6,namesilo,,,21/09/2026 05:06
901f22f5-9370-4aed-a0de-42a948588960,cuthbert.games,available,26.2,26.2,medium,low,8,cloudflare,,,29/09/2026 03:58
63eeadcc-61dc-4872-a31c-28e495855d30,herzog.games,available,10.55,27.11,high,low,6,spaceship,,,28/09/2026 16:13
3676f222-7cdf-4bf8-9386-c0d5256ff1da,colourise.games,available,11.98,42.98,medium,low,9,namecheap,,,12/08/2026 17:38
535a14d0-3bbf-422a-867f-875b80619e7d,aerialist.games,available,11.98,42.98,medium,low,9,namecheap,,,17/09/2026 12:50
e5af4d57-6444-4051-ae3d-02e929972ecc,gimp.games,available,11.98,42.98,medium,low,4,namecheap,,,23/08/2026 13:28
be358f0f-9923-4ded-8a5c-cf1d557538c5,pittsfield.games,available,33.99,33.99,high,low,10,namesilo,,,29/09/2026 07:52
c25e519e-eb81-4980-a4fe-abf158e4e3a1,plots.games,available,33.99,33.99,medium,low,5,namesilo,,,29/09/2026 17:24
bd65cf7f-2e68-4f77-8a0c-41d2896f31b9,obstacle.games,available,11.98,42.98,medium,low,8,namecheap,,,28/09/2026 10:38
d64533af-7759-4ad4-967a-7a36e4e830da,sideboard.games,available,33.99,33.99,high,low,9,namesilo,,,24/09/2026 10:55
83d678ab-c1fe-4616-9d19-e5a80ede741b,cuteness.games,available,33.99,33.99,high,low,8,namesilo,,,24/09/2026 20:43
1c31349c-ce1a-42ee-8c58-4880f4838c68,overlooking.games,available,8.24,27.29,medium,low,11,porkbun,,,30/09/2026 00:35
67f0d20f-bfd0-445e-8f3d-928f628e07f2,trackless.games,available,11.98,42.98,medium,low,9,namecheap,,,08/09/2026 10:29
fcc9effa-92cf-4bda-bd39-ff72446bdfab,basaltic.games,available,11.98,42.98,medium,low,8,namecheap,,,08/08/2026 21:29
4f622332-9766-46d1-bb16-ddbfd2221539,fastest.games,available,11.98,42.98,high,low,7,namecheap,,,14/09/2026 17:49
db80822c-4a63-457f-a274-f38450910185,indiscrete.games,available,11.98,42.98,medium,low,10,namecheap,,,22/08/2026 03:09
f49ff1ee-e9d2-440c-8a88-8084451d8ba9,gracefully.games,available,11.98,42.98,high,low,10,namecheap,,,14/09/2026 21:54
7d9d9939-95fe-4a90-af6b-69f87b1edb78,balker.games,available,11.98,42.98,medium,low,6,namecheap,,,03/09/2026 18:54
0b638445-7fa4-4c2b-986f-502310ed6270,fathers.games,available,33.99,33.99,medium,low,7,namesilo,,,27/09/2026 09:58
d3a5525b-766f-4178-9074-ece2e95ba8e2,toynbee.games,available,33.99,33.99,high,low,7,namesilo,,,20/09/2026 08:19
7d253c61-e537-4f95-8f8b-51fd34d599a1,parke.games,available,33.99,33.99,medium,low,5,namesilo,,,28/09/2026 22:16
e26ad896-bdac-43c1-aeb6-c1132286e858,loeb.games,available,35,,high,low,4,unstoppable,,,28/09/2026 02:11
5f6e8af1-76f0-428c-b0ff-9a73ef7d0638,downstream.games,available,11.98,42.98,high,low,10,namecheap,,,14/08/2026 17:59
6d3efb58-1d98-421a-8849-e18fcce57ffe,microbial.games,available,11.98,42.98,medium,low,9,namecheap,,,08/09/2026 09:41
9b2bc8c7-73c7-44da-bca2-e5d4df074fce,ascesis.games,available,33.99,33.99,medium,low,7,namesilo,,,20/09/2026 13:10
7147d4c0-3b0b-4a55-acf4-4ac1f1778b5d,wrench.games,available,19.99,,high,low,6,name.com,,,
445995ca-681a-45d4-8dd7-a2f1ecc38ac1,orientated.games,available,11.98,42.98,high,low,10,namecheap,,,04/09/2026 17:54
17c8b79f-274e-4508-b675-a10ae1b38120,leafless.games,available,11.98,42.98,medium,low,8,namecheap,,,22/08/2026 21:56
c4404a76-9ee6-4f44-88e2-8aa785c1b488,framing.games,available,10.55,27.11,high,low,7,spaceship,,,29/09/2026 01:00
62ec02e8-18f7-4082-ba38-1187e4ce7ca8,dendritic.games,available,11.98,42.98,medium,low,9,namecheap,,,14/08/2026 01:48
7ca2d4fc-c3c5-4c45-9084-1f5c2f641339,blarney.games,available,11.98,42.98,high,medium,7,namecheap,,,12/08/2026 14:21
cd3e28a8-2cf8-41b0-8f11-b9cc3997a0d1,shrubby.games,available,11.98,42.98,medium,low,7,namecheap,,,18/08/2026 17:15
206786b7-8897-4e0a-b3fa-c0ae7b0e9ead,cooks.games,available,26.2,26.2,medium,low,5,cloudflare,,,29/09/2026 04:38
d4750179-e823-4e01-b7ae-c8185a0aeb5c,virtues.games,available,33.99,33.99,medium,low,7,namesilo,,,29/09/2026 16:33
6b679bc8-e669-4ec9-865b-32fd20295c2a,amboy.games,available,35,,medium,low,5,unstoppable,,,29/09/2026 21:41
c2cb9ae9-13fb-4f1e-a8db-ba20dab67b25,awheel.games,available,11.98,42.98,medium,low,6,namecheap,,,08/08/2026 01:05
0130e038-8708-4936-9bd0-6f1ead7f66c0,insecure.games,available,11.98,42.98,high,low,8,namecheap,,,22/08/2026 06:42
c052ea6c-d8a4-4b5e-9e2a-84161a690344,gustatory.games,available,11.98,42.98,medium,low,9,namecheap,,,20/08/2026 21:07
3a7d858c-99bc-4250-b3c1-7eabf3964325,gravelly.games,available,11.98,42.98,medium,low,8,namecheap,,,20/08/2026 18:27
5ef58f7a-57cf-4ceb-abb4-86df60e5d8da,suggestions.games,available,11.98,42.98,medium,low,11,namecheap,,,17/09/2026 12:49
815bf221-751c-4f02-a5b3-40040677111c,sons.games,available,33.99,33.99,medium,low,4,namesilo,,,27/09/2026 09:28
314fc04b-1043-4c99-b7f0-75ac0fd67826,negligible.games,available,11.98,42.98,medium,low,10,namecheap,,,03/09/2026 15:08
56e5f85b-9a5d-44b5-b0e5-2a37c7f369d8,gladly.games,available,11.98,42.98,high,low,6,namecheap,,,17/08/2026 20:47
71536898-49a7-4e6f-8e93-6faedd5c4d0f,implausible.games,available,19.99,,medium,low,11,name.com,,,
2d9cb289-cdbf-4ae0-8971-b2e259068555,nursed.games,available,11.98,42.98,medium,low,6,namecheap,,,03/09/2026 23:03
393fb2e9-3092-4c26-a51f-705b3207b936,babies.games,premium,69.3,138.6,high,low,6,namecheap,,,
83d7eb9e-4668-49ca-90cb-bc3ec651423b,aspirator.games,available,33.99,33.99,medium,low,9,namesilo,,,20/09/2026 15:23
aadea423-1970-4fd0-870e-cd958e0f57c8,beira.games,available,33.99,33.99,medium,low,5,namesilo,,,23/09/2026 04:20
8fcc5725-31c4-47a8-b572-6dd318ccd98d,asterope.games,available,33.99,33.99,low,low,8,namesilo,,,20/09/2026 17:16
90317c5c-8e56-43a6-911b-b9ae751f2e47,architectural.games,available,26.2,26.2,medium,low,13,cloudflare,,,29/09/2026 08:50
6e14ed69-e37e-491a-a3d4-437082f9bc29,birling.games,available,11.98,42.98,medium,low,7,namecheap,,,23/09/2026 20:48
3d371964-360a-48ed-8d06-881507b7c743,betrayal.games,available,33.99,33.99,medium,low,8,namesilo,,,23/09/2026 11:24
ed60557c-2038-44e7-af01-2143e8012fa1,colloquial.games,available,11.98,42.98,medium,low,10,namecheap,,,12/08/2026 17:14
e9f8a469-daa4-45a2-ab07-8893fc146a6a,submit.games,available,33.99,33.99,high,low,6,namesilo,,,27/09/2026 16:26
e8ecad43-2e94-42a0-96d7-91f72d6cff24,ridiculous.games,available,33.99,33.99,high,low,10,namesilo,,,24/09/2026 06:27
92a73cf4-ef1b-4ca8-a2c5-365eedef9bdb,groundless.games,available,11.98,42.98,medium,low,10,namecheap,,,08/08/2026 21:49
0829631b-99e2-4727-8191-701b521203ca,minsk.games,premium,51.43,102.67,high,low,5,spaceship,,,28/09/2026 05:24
a9080640-be26-430b-a59f-dcd1e3712ec6,arbalist.games,available,33.99,33.99,medium,low,8,namesilo,,,20/09/2026 00:35
471565a2-cfd2-456a-9c47-cb817e84d3b2,almoner.games,available,33.99,33.99,medium,low,7,namesilo,,,18/09/2026 12:40
9131a140-1ec3-4869-bde0-8a3d6582111f,altace.games,available,33.99,33.99,medium,low,6,namesilo,,,18/09/2026 14:31
42fa07cd-a11d-49ba-8af4-0e9da61c60db,anatomist.games,available,33.99,33.99,medium,low,9,namesilo,,,19/09/2026 03:32
c66fef51-fc12-497b-8743-a41ebf6870fd,techniques.games,available,33.99,33.99,medium,low,10,namesilo,,,19/09/2026 01:18
81077a04-aa54-45cb-bede-a59318c76a54,hominal.games,available,11.98,42.98,medium,low,7,namecheap,,,21/08/2026 11:35
d27cfff0-f9bc-4347-8753-f61fb7fa0fea,huffman.games,available,10.55,27.11,medium,low,7,spaceship,,,29/09/2026 15:25
ef15247a-4312-4e37-9149-0977b65d75da,deleted.games,available,10.55,27.11,medium,low,7,spaceship,,,29/09/2026 21:19
70af674a-a4d6-4c06-8663-d69d72ea404f,adventitia.games,available,33.99,33.99,medium,low,10,namesilo,,,17/09/2026 10:36
8019b957-f580-4a43-b92c-c34bcd2c5a69,whacked.games,available,11.98,42.98,medium,low,7,namecheap,,,13/09/2026 11:08
e2de69ba-0875-40eb-95bf-5bade6dffa7c,kinds.games,available,14.99,43.99,medium,low,5,name.com,,,25/09/2026 19:57
2368e798-5e14-479f-899a-ac8617ed4d86,churchill.games,available,33.99,33.99,high,low,9,namesilo,,,28/09/2026 18:44
c542c4a6-d1e8-4c38-a188-bf11c6a2c0cf,movable.games,available,11.98,42.98,high,low,7,namecheap,,,25/08/2026 08:56
ae59be95-07af-4fa8-a385-c882f17ca07d,aerobiotic.games,available,11.98,42.98,medium,low,10,namecheap,,,
8d0b1fd0-d53a-42a3-a697-d5a89b4e70ae,baseboard.games,available,33.99,33.99,medium,low,9,namesilo,,,22/09/2026 10:08
a12236a0-1d0a-4633-a68c-7cbac04bb90a,molybdenum.games,available,33.99,33.99,medium,low,10,namesilo,,,20/09/2026 23:05
2ceffefb-c35c-4d1f-8775-bc8ed2631056,lori.games,available,10.55,27.11,high,low,4,spaceship,,,28/09/2026 12:05
416ab69b-d0b8-46d9-b5d9-b632700d7beb,winy.games,available,11.98,42.98,medium,low,4,namecheap,,,13/09/2026 12:25
86fbbeed-1970-4a74-8bf2-30fb833e116a,freewill.games,available,11.98,42.98,high,low,8,namecheap,,,18/08/2026 15:00
4cbd0685-bad4-47a1-8327-5a742a7a6f70,deary.games,available,14.99,43.99,high,low,5,name.com,,,13/08/2026 18:21
17432ed0-3ac0-4d9d-aa29-cf999c07b1df,fails.games,available,33.99,33.99,medium,low,5,namesilo,,,18/09/2026 00:27
31054ea1-2783-4672-974d-9bbdafa3033c,sensorial.games,available,11.98,42.98,medium,low,9,namecheap,,,10/09/2026 03:46
9125a207-be41-493c-93e8-e5caf241a832,bands.games,available,33.99,33.99,medium,low,5,namesilo,,,16/09/2026 12:26
2ab5f074-791f-40b3-863c-be533e58b536,motivated.games,available,11.98,42.98,high,low,9,namecheap,,,25/08/2026 07:31
481062b4-cddf-4713-aece-270926bb9263,mchenry.games,available,33.99,33.99,medium,low,7,namesilo,,,29/09/2026 10:55
8b369844-31d3-4b3b-b6dc-6d2d35f51cef,steal.games,available,10.55,27.11,medium,low,5,spaceship,,,29/09/2026 05:35
2e53620d-3f0e-4041-9229-7d4eed37eec9,organizers.games,available,33.99,33.99,medium,low,10,namesilo,,,28/09/2026 10:11
f930120a-5b9d-45f2-998a-ce16a11feb68,mainstream.games,available,33.99,33.99,high,low,10,namesilo,,,29/09/2026 01:38
9e4ce30f-5c66-4aca-bf9d-44655a8c81df,nominate.games,available,10.55,27.11,high,low,8,spaceship,,,29/09/2026 20:40
51f051ae-7488-48f1-ab92-1d4861d0e9b8,holiness.games,available,8.24,28.04,high,low,8,dynadot,,,29/09/2026 19:10
842aa214-c8e5-497f-9c63-e10ced9b02ff,jockey.games,available,33.99,33.99,high,low,6,namesilo,,,24/09/2026 14:26
93004429-9eb3-4cc6-b6f1-89cc4368c2d9,stevenson.games,available,33.99,33.99,high,low,9,namesilo,,,17/09/2026 08:37
e5ba5e78-baca-496d-99da-2d9209f5c117,feels.games,available,,,high,low,5,,,,
2a3afb58-c825-404b-9ba7-125d814c36a0,advisement.games,available,33.99,33.99,high,low,10,namesilo,,,17/09/2026 11:32
b6d4d9e0-2c18-43c2-a135-c527f7bf5b00,aflatoxin.games,available,33.99,33.99,medium,low,9,namesilo,,,17/09/2026 15:06
3e65dd78-a2aa-41b6-88e4-216c80b5a044,amman.games,premium,118.8,118.8,medium,low,5,namesilo,,,18/09/2026 21:59
20cc3268-d1ed-4bfb-bc3d-619d50f885f9,shakedown.games,available,11.98,42.98,medium,low,9,namecheap,,,10/09/2026 05:40
715e87d1-f092-49e6-99c1-b254002253e7,amaterasu.games,available,33.99,33.99,medium,low,9,namesilo,,,18/09/2026 16:05
cbc6dbff-8171-4e0b-9f49-4c2b05c824c1,digger.games,available,33.99,33.99,high,low,6,namesilo,,,29/09/2026 06:38
dce5990c-5e8a-4f4d-bb07-4a2e52b7a9af,jra.games,premium,118.8,118.8,medium,low,3,namesilo,,,19/09/2026 14:09
84f51ac1-6158-481a-a673-5eff4dca957d,backwards.games,available,11.98,42.98,high,low,9,namecheap,,,22/09/2026 15:55
5c087f65-f19f-4713-b179-735297df4612,clicking.games,premium,69.3,138.6,high,low,8,namecheap,,,
35559a72-3240-4424-8fdb-7d9415a3639f,lothian.games,available,35,,high,low,7,unstoppable,,,30/09/2026 00:22
6b761808-a98a-41f0-89ce-5b5e13bcba61,backwash.games,available,33.99,33.99,medium,low,8,namesilo,,,17/09/2026 15:44
23d5b5e9-f599-487a-827f-6a4bc1d0e564,arbutus.games,available,33.99,33.99,medium,low,7,namesilo,,,20/09/2026 01:01
e5f4acb6-8c9c-4f60-8506-e5d4cd830ab3,west.games,resell,,,high,low,4,"DNSPod, Inc.",06/12/2020 01:57,06/12/2026 01:57,28/09/2026 10:23
6d88ecdc-ced8-48e0-aa70-84081b8075fb,flexible.games,available,11.98,42.98,high,low,8,namecheap,,,23/09/2026 18:12
3c563b3c-569b-4452-8c4b-8633685f96c9,figurative.games,available,11.98,42.98,medium,low,10,namecheap,,,19/09/2026 14:22
6b2edaaa-2767-444f-8c66-f250e8fcc407,blather.games,available,33.99,33.99,medium,low,7,namesilo,,,24/09/2026 04:46
2f00f74b-fc12-427e-a4d9-10667cd41be9,berne.games,available,33.99,33.99,medium,low,5,namesilo,,,23/09/2026 09:45
1ba789e4-605b-4a32-b627-c3ff6cf2a60c,vanessa.games,available,26.2,26.2,high,low,7,cloudflare,,,28/09/2026 09:53
b31e1086-40df-4011-832a-678b8823a956,bacitracin.games,available,33.99,33.99,high,low,10,namesilo,,,21/09/2026 14:25
875a502d-d4b0-434b-a913-10e71d2b28c5,allotrope.games,available,33.99,33.99,medium,low,9,namesilo,,,18/09/2026 12:06
ee0d9e49-576d-489a-9972-1b2de6b8ae26,graceful.games,available,11.98,42.98,high,low,8,namecheap,,,20/08/2026 17:25
0045a8fa-3525-4fe3-a5a8-7fd2060a01e4,gleeful.games,available,11.98,42.98,high,low,7,namecheap,,,20/08/2026 14:21
4e258de8-a02f-4d0f-819e-179d59491e0e,cyclonic.games,available,14.99,43.99,medium,low,8,name.com,,,13/08/2026 13:42
0cd6d519-dd62-4d5d-b3dc-7b4f2acaa8f6,deferent.games,available,11.98,42.98,medium,low,8,namecheap,,,13/08/2026 23:17
85a5a9f0-692f-4f9b-b050-71a43b9d4223,food.games,premium,1293.95,2587.7,high,medium,4,spaceship,,,30/09/2026 01:26
a0cab563-ef93-4646-9e6c-86a7449c3827,byrnes.games,available,26.2,26.2,medium,low,6,cloudflare,,,29/09/2026 09:19
e6b68e59-132f-4a78-b738-6f3da8513e58,abundant.games,available,33.99,33.99,high,low,8,namesilo,,,21/09/2026 15:18
994730a9-a524-4bdc-8193-31e178605d32,anacardium.games,available,33.99,33.99,medium,low,10,namesilo,,,19/09/2026 00:59
9d8ac31e-1eb3-4a3b-ad26-20a9608a6cb8,downmarket.games,available,11.98,42.98,medium,low,10,namecheap,,,14/08/2026 17:48
c639d5a1-33b8-4cc7-b2be-3a28b8fc1549,abs.games,premium,64.35,128.7,high,low,3,namecheap,,,16/09/2026 17:29
dacbeb2e-d98a-474f-a94e-06c59f525629,tva.games,premium,118.8,118.8,high,low,3,namesilo,,,29/09/2026 03:49
76439dd6-2bf8-4837-8f81-f84bc0a5bc21,tatum.games,available,33.99,33.99,high,low,5,namesilo,,,20/09/2026 10:00
ad3c8c8c-829d-41c4-9834-0e6df7c40914,prejudice.games,available,11.98,42.98,high,low,9,namecheap,,,22/09/2026 20:16
c586a0c3-222e-461e-a07a-2320f96f26fe,bluewing.games,available,11.98,42.98,medium,low,8,namecheap,,,19/09/2026 02:57
7bafc54c-da46-4abd-9c36-55c7d1fc6a27,stop.games,resell,,,high,low,4,"Chengdu West Dimension Digital Technology Co., Ltd.",17/12/2025 15:15,17/12/2026 15:15,26/09/2026 09:19
5e967779-fbf1-41ba-8fef-d28ae517581c,dedication.games,available,33.99,33.99,high,low,10,namesilo,,,18/09/2026 10:32
5c37b40a-eed2-45f3-869e-34da9928012f,attorneys.games,available,26.2,26.2,medium,low,9,cloudflare,,,28/09/2026 13:24
f1a3793b-b7bb-4a46-a08a-c21594d201b1,blabber.games,available,33.99,33.99,medium,low,7,namesilo,,,23/09/2026 11:33
798711d2-92dc-4172-aa49-0ac2c325fcd2,battledore.games,available,33.99,33.99,high,low,10,namesilo,,,21/09/2026 17:16
7e82c097-a59f-4b59-b1a6-a053c95911bc,antrum.games,available,33.99,33.99,medium,low,6,namesilo,,,19/09/2026 15:46
006f8bf4-a354-4d97-8026-5fbc7f0d066c,slang.games,available,11.98,42.98,high,low,5,namecheap,,,12/08/2026 15:12
ed5ac69e-4e73-4126-80e6-abc21363da5d,hosts.games,available,33.99,33.99,medium,low,5,namesilo,,,18/09/2026 22:23
5e467918-23ba-4530-aaf2-e175444ef35b,coaxial.games,available,11.98,42.98,medium,low,7,namecheap,,,12/08/2026 14:16
99852218-823d-4383-8c7a-d701849c95de,meat.games,resell,,,high,low,4,"DNSPod, Inc.",27/04/2024 15:15,27/04/2027 15:15,26/09/2026 07:29
0cf18ce0-e591-4845-92c4-695f872d496b,barcarolle.games,available,33.99,33.99,medium,low,10,namesilo,,,22/09/2026 05:06
1ca1dd51-b170-4372-8418-69bc6f1540d2,pinkerton.games,available,26.2,26.2,high,low,9,cloudflare,,,29/09/2026 21:18
753e26af-5a7b-4da1-9c6e-02334ca16c82,cloistered.games,available,11.98,42.98,medium,low,10,namecheap,,,12/08/2026 11:48
04578384-5cd9-4145-b325-1af3cfefa9c0,chambers.games,available,11.98,42.98,high,low,8,namecheap,,,08/09/2026 06:47
fd2d704d-f53b-44e5-8b51-b69ac594b7c3,anniversary.games,available,19.99,,high,low,11,name.com,,,
09c0340e-7ad4-4eab-9af0-d0e9824d2806,topless.games,available,11.98,42.98,medium,low,7,namecheap,,,08/08/2026 18:33
780fd96d-24cc-4614-b768-b53ddb754370,husbands.games,available,8.24,28.04,medium,low,8,dynadot,,,27/09/2026 18:17
be571c57-77d4-4ece-bf58-25487ff99f9b,chinquapin.games,available,33.99,33.99,medium,low,10,namesilo,,,18/09/2026 10:57
67ff33a2-baf5-4dd9-848f-51710a14f4b3,murray.games,available,11.98,42.98,high,low,6,namecheap,,,25/09/2026 22:54
814a0a88-3ea7-4dcc-b57b-bbe98f2b1bce,heighten.games,available,11.98,42.98,high,low,8,namecheap,,,12/08/2026 19:31
f9cccba7-163b-4949-9b3d-d4d8c0eeecdf,prettily.games,available,11.98,42.98,medium,low,8,namecheap,,,15/09/2026 21:22
3e69e9f5-6d51-4c93-a177-8dd76c53fd6c,annoyed.games,available,33.99,33.99,medium,low,7,namesilo,,,22/09/2026 05:18
2ed74353-4453-48b5-8296-0b0ff22e6df4,profit.games,resell,,,high,low,6,"DNSPod, Inc.",17/11/2021 13:15,17/11/2026 13:15,26/09/2026 08:21
2e262b02-d797-471b-b845-843a64239525,barbecued.games,available,11.98,42.98,medium,low,9,namecheap,,,08/08/2026 16:25
53585f68-339b-4b06-9f5d-1e7df4547431,islamabad.games,available,11.98,42.98,medium,low,9,namecheap,,,29/09/2026 06:15
be021ac3-2853-4245-8aa6-243481537c07,steelyard.games,available,11.98,42.98,medium,low,9,namecheap,,,22/09/2026 19:57
328cc9d1-b8c5-49b6-9723-03ff44652abe,judas.games,available,10.55,27.11,medium,low,5,spaceship,,,28/09/2026 19:35
cdf6954a-8bcc-4ea9-a094-224114972740,remiss.games,available,11.98,42.98,medium,low,6,namecheap,,,09/09/2026 13:46
bdb2f722-dc23-4690-8174-681443fecc2d,volumes.games,available,33.99,33.99,medium,low,7,namesilo,,,29/09/2026 17:06
8336ce75-50cd-4008-b0d1-825308248933,adenoma.games,available,33.99,33.99,medium,low,7,namesilo,,,17/09/2026 07:30
6bc407e8-5118-4008-9b9a-880e5dcaf25d,lasting.games,available,33.99,33.99,high,low,7,namesilo,,,24/09/2026 12:31
a858565b-df50-46e0-ba2c-8047618b8614,healthily.games,available,11.98,42.98,medium,low,9,namecheap,,,14/09/2026 23:15
1cd23fca-db5c-4295-8790-d73dba4cd4e7,global.games,premium,1107,1107,high,medium,6,namesilo,,,22/09/2026 16:32
9dd70699-8a78-4409-92e0-f1c65d1f814c,supported.games,available,35,,high,low,9,unstoppable,,,28/09/2026 02:01
03ee8576-28fc-4098-aee0-fa63b0ac45c1,entertain.games,available,35,42.98,high,low,9,unstoppable,,,28/09/2026 06:53
90c120b5-d4cf-45b1-a15a-a6a2e162ff7e,nubby.games,available,11.98,42.98,medium,low,5,namecheap,,,21/08/2026 11:15
17166ac6-c451-477b-bf9f-4d3e71d4b96a,desultory.games,available,11.98,42.98,medium,low,9,namecheap,,,14/08/2026 04:36
1bd1b283-26b1-4b58-92e2-36e94526ffb8,spaciously.games,available,11.98,42.98,medium,low,10,namecheap,,,16/09/2026 00:04
7d5de4e6-ce66-4415-ae46-5ded5e87590c,bloodline.games,available,11.98,42.98,high,low,9,namecheap,,,08/09/2026 13:11
e6424903-a56d-401d-ac4d-8fe285913618,lid.games,premium,118.8,118.8,high,low,3,namesilo,,,24/09/2026 13:43
10fe3a74-77a1-4143-bcf3-1b8cf5d7dc59,mechanical.games,available,33.99,33.99,high,low,10,namesilo,,,25/09/2026 18:43
7d7a6a84-a84e-44c1-aa92-0750c790cfb7,taught.games,available,33.99,33.99,medium,low,6,namesilo,,,27/09/2026 02:04
e3ce19c4-370f-4004-bb0d-b658ddcb69c7,wireless.games,premium,3450,3450,high,low,8,namesilo,,,27/09/2026 09:37
45ad847e-b7b9-4520-8771-b54e5ac4a8d8,beaner.games,available,11.98,42.98,medium,low,6,namecheap,,,22/09/2026 20:26
1040439b-f664-4b69-a2d6-598ceac89e4c,yur.games,premium,69.3,138.6,high,low,3,namecheap,,,
713ee8fb-e31a-45c8-a6a1-06206fe9e363,extrovert.games,available,11.98,42.98,high,low,9,namecheap,,,17/08/2026 19:27
3e171bf4-e86d-4b7f-ae57-a0f36acb454c,twice.games,available,33.99,33.99,medium,low,5,namesilo,,,28/09/2026 14:37
27534c90-b1f1-4b35-8116-be998fe541a4,adjourned.games,available,10.55,27.11,high,low,9,spaceship,,,29/09/2026 08:57
8f534be7-fec7-4e50-b52c-e7e0b336bbea,schumacher.games,available,10.55,27.11,high,low,10,spaceship,,,27/09/2026 19:51
bc54d677-6942-4892-a40c-1a32a580abee,proper.games,resell,,,high,low,6,"DNSPod, Inc.",03/01/2025 15:15,03/01/2027 15:15,27/09/2026 07:40
c165095e-bd60-4ff9-a03f-332843cbf433,titled.games,available,11.98,42.98,high,low,6,namecheap,,,13/08/2026 01:50
1ea201bb-6938-438e-ae20-d05ac35cec3d,recusant.games,available,11.98,42.98,medium,low,8,namecheap,,,14/08/2026 12:28
dc80b4ef-e8c8-43c7-9a46-a365aff93b6c,mushy.games,available,11.98,42.98,medium,low,5,namecheap,,,09/08/2026 00:58
db7058d4-d573-443d-a1c7-4135deec6d2a,mozambican.games,available,11.98,42.98,high,low,10,namecheap,,,25/08/2026 09:16
ace3e96e-acf5-4193-9c31-7a06745daff4,archil.games,available,33.99,33.99,medium,low,6,namesilo,,,20/09/2026 02:06
9733da0b-5f07-4316-81d3-8d59a66567a9,boned.games,available,11.98,42.98,high,low,5,namecheap,,,10/08/2026 18:34
81448426-3bac-4ee6-bfdb-a8d5610c3ab1,uruguayan.games,available,11.98,42.98,high,low,9,namecheap,,,12/09/2026 23:55
f921d55e-5666-43ff-a517-49f3634a5864,virginal.games,available,11.98,42.98,high,low,8,namecheap,,,13/09/2026 05:57
8ee695a3-43cd-412f-be4f-ca31e303218b,closest.games,available,26.2,26.2,medium,low,7,cloudflare,,,28/09/2026 14:05
f6220a41-b10f-47ff-aac8-dcdf97711cf6,transferred.games,available,10.55,27.11,medium,low,11,spaceship,,,27/09/2026 22:38
cd00683a-34f1-4b4b-9854-58a1a8495a52,backache.games,available,33.99,33.99,medium,low,8,namesilo,,,21/09/2026 14:56
ac0b4ed0-2202-4e3e-a8c0-920ab08ca1a3,mistress.games,available,8.24,28.04,high,low,8,dynadot,,,27/09/2026 14:35
dceafa38-12fa-412a-ab19-8b1f86027310,kristin.games,available,8.24,27.29,medium,low,7,porkbun,,,29/09/2026 03:57
441462b5-ecfa-479f-8268-3ede312639a8,article.games,available,33.99,33.99,high,low,7,namesilo,,,20/09/2026 11:12
88deaf2e-4fb9-47e2-bf8e-3c3463f601f3,depository.games,available,33.99,33.99,high,low,10,namesilo,,,24/09/2026 21:58
8daabcf2-03ae-46d3-93f7-f2be2e0ee243,attired.games,available,11.98,42.98,medium,low,7,namecheap,,,06/08/2026 04:47
f7cb3775-c5fc-4172-bbe8-ab3d540ed745,elves.games,available,33.99,33.99,high,low,5,namesilo,,,29/09/2026 18:45
12e5a0aa-0cb2-42cd-9888-65eb4add3a23,ankle.games,available,33.99,33.99,high,low,5,namesilo,,,19/09/2026 09:40
4a52e4ac-8766-4c7a-bbd1-9b5c57f20292,heated.games,available,11.98,42.98,high,low,6,namecheap,,,21/08/2026 02:17
ea833d78-7404-4636-8962-851943add5de,promenade.games,available,11.98,42.98,high,low,9,namecheap,,,18/09/2026 16:56
b0954e94-b0c2-4560-bb07-47e8c9d03b5a,funnily.games,available,11.98,42.98,medium,low,7,namecheap,,,14/09/2026 20:40
80b817af-13e6-42f5-9e48-17cce2d222a0,colourful.games,available,11.98,42.98,high,low,9,namecheap,,,12/08/2026 17:51
65933029-b96c-4839-bd45-fe37d0442df6,iniquity.games,available,11.98,42.98,medium,low,8,namecheap,,,17/08/2026 15:08
4eab4544-010e-4a76-ac4f-58d717c992a0,catholics.games,available,11.98,42.98,medium,low,9,namecheap,,,19/09/2026 20:28
163eaa71-1d22-4c76-9c89-62ffb102ee0c,palpebrate.games,available,11.98,42.98,medium,low,10,namecheap,,,05/09/2026 00:15
211c81d2-7cbe-4a16-a7c9-7ea23ef96676,aphonic.games,available,11.98,42.98,medium,low,7,namecheap,,,05/08/2026 23:17
d181db78-1804-41c4-9cf4-47bbb373c7a5,relation.games,available,10.55,27.11,high,low,8,spaceship,,,27/09/2026 11:47
e3abc0f0-8f5d-4888-a89a-5a4e6db8ab88,unshaded.games,available,11.98,42.98,medium,low,8,namecheap,,,12/09/2026 19:27
53a472ec-dbc7-4085-902d-d8bc33605db2,wry.games,premium,64.35,128.7,high,low,3,namecheap,,,22/08/2026 10:08
00329aca-29e6-4676-9f3d-f8dbdf4dd899,disjointed.games,available,11.98,42.98,medium,low,10,namecheap,,,14/08/2026 11:16
a6e92298-018e-498a-b5ca-e81abd642d73,conjoined.games,available,11.98,42.98,high,low,9,namecheap,,,12/08/2026 22:03
1988aa80-60c9-436a-a749-281b6f194602,joplin.games,available,10.55,27.11,medium,low,6,spaceship,,,28/09/2026 19:32
e0373d33-1b56-4f56-957d-24196b682815,nosed.games,available,11.98,42.98,medium,low,5,namecheap,,,03/09/2026 21:45
13c114b5-ac8b-47bb-8d66-05f15e219965,unacceptable.games,available,19.99,,medium,low,12,name.com,,,
c0e6a01b-447b-43bc-bfd3-859686b2ae29,truth.games,premium,,,high,medium,5,,,,28/09/2026 17:29
3a871742-5c5f-4eb6-8f41-7d11ce22c83e,settle.games,available,11.98,42.98,high,low,6,namecheap,,,25/09/2026 10:17
7301e5f8-d8e2-4b44-a1f5-684e2d3350e2,scour.games,available,11.98,42.98,high,low,5,namecheap,,,10/09/2026 00:23
e9c0c2cf-c249-426c-92fc-f6627807433d,artist.games,resell,,,high,low,6,"DNSPod, Inc.",04/02/2024 15:15,04/02/2027 15:15,28/09/2026 12:11
ea209cbf-d4bb-4bba-a37f-4e5dd8af1acb,keeper.games,resell,,,high,low,6,"Sav.com, LLC - 49",05/12/2025 15:16,05/12/2026 15:16,26/09/2026 07:03
0bed9074-e46c-44d2-a286-b507e41a8fa7,planners.games,available,33.99,33.99,medium,low,8,namesilo,,,21/09/2026 08:32
1f39f5f7-5346-4089-b3c9-3b50a3725c5f,beverly.games,available,11.98,42.98,high,low,7,namecheap,,,25/09/2026 21:21
aef1b6e0-1ce0-4d04-862d-9c3ecd5598a2,biodefense.games,available,11.98,42.98,medium,low,10,namecheap,,,23/09/2026 17:48
7fb43cb6-bc9b-4efa-8e9d-eb5ff81daada,rootbound.games,available,11.98,42.98,low,low,9,namecheap,,,09/09/2026 00:46
baf61d0d-8143-4c9f-852a-2c6e77b42ede,diluted.games,available,11.98,42.98,medium,low,7,namecheap,,,14/08/2026 07:45
d463d830-2053-43c9-97c7-aced5ab26dd0,heracles.games,available,33.99,33.99,high,low,8,namesilo,,,18/09/2026 04:03
922f41d4-1600-4e2e-a546-8d144962f5cd,armour.games,available,33.99,33.99,high,low,6,namesilo,,,20/09/2026 07:22
acc406fa-dd8b-4cfb-8086-eca7cea18a9a,uppish.games,available,11.98,42.98,low,low,6,namecheap,,,09/08/2026 20:46
469d45f1-a203-4faa-9630-5c15327a21d8,enviable.games,available,33.99,33.99,high,low,8,namesilo,,,24/09/2026 14:16
a12ecaa8-35cb-4bc6-bf39-d28e37747052,anarchism.games,available,33.99,33.99,medium,low,9,namesilo,,,19/09/2026 02:24
48e07c79-bc86-48ad-bc79-c564c1a2a0ef,ski.games,premium,854,854,high,low,3,namesilo,,,27/09/2026 05:28
5336dc3c-1a78-4d8f-8b36-c80753add7df,paula.games,available,33.99,33.99,high,low,5,namesilo,,,25/09/2026 14:33
94cd2e29-a6c4-4ae0-95c6-0d4f2d37d162,louisa.games,available,33.99,33.99,medium,low,6,namesilo,,,25/09/2026 14:44
bcd4c87e-9692-4dfb-9117-4c458864080b,plead.games,available,26.2,26.2,high,low,5,cloudflare,,,28/09/2026 15:36
b2189b08-dacd-4d17-ad53-6f9914693cef,depicted.games,available,11.98,42.98,medium,low,8,namecheap,,,14/08/2026 02:12
1235a8d4-16c4-4dc2-a692-723c3c7eb3b7,localized.games,available,11.98,42.98,high,low,9,namecheap,,,24/08/2026 08:45
0d0cd4df-5b1d-45bf-ae78-cdb7e30e0a1e,unquiet.games,available,11.98,42.98,medium,low,7,namecheap,,,12/09/2026 17:40
5fdefc85-c42f-42dc-961c-e3f829451772,moravia.games,available,10.55,27.11,medium,low,7,spaceship,,,28/09/2026 19:54
e6f453cb-b805-4863-b96f-a654139dd020,ultrasonic.games,available,11.98,42.98,high,low,10,namecheap,,,11/09/2026 22:51
17822eee-5ca5-49cc-a2e8-4931c6d98ca0,humbling.games,available,11.98,42.98,medium,low,8,namecheap,,,14/08/2026 01:09
a835eb0a-0ec6-468b-b96b-7add7bdc4a63,coffeecakes.games,available,33.99,33.99,medium,low,11,namesilo,,,21/09/2026 00:59
e69822ab-431f-4a31-b80a-159620eecb70,jargon.games,available,11.98,42.98,high,low,6,namecheap,,,13/09/2026 04:10
d582bfbc-7111-4c12-ac8d-bd10f1696348,discretion.games,available,33.99,33.99,high,low,10,namesilo,,,24/09/2026 15:03
9d81e12c-9df1-4f06-945f-6c7782f4988b,modish.games,available,11.98,42.98,high,low,6,namecheap,,,
ff05fc4c-8398-4ac1-839a-81637a826831,architrave.games,available,33.99,33.99,medium,low,10,namesilo,,,20/09/2026 02:17
4068c6d3-8582-4f90-a975-c08e952da223,anointing.games,available,33.99,33.99,high,low,9,namesilo,,,19/09/2026 11:19
8f7adc11-7c8b-416b-902a-17a3d9cc7542,formally.games,available,11.98,42.98,high,low,8,namecheap,,,14/09/2026 19:42
a2a2337c-ce18-4ce9-83c5-dc8c9d9a78de,positivity.games,available,33.99,33.99,high,low,10,namesilo,,,17/09/2026 10:30
b8c44655-c276-490f-90be-97b053310c9b,chaste.games,available,11.98,42.98,high,low,6,namecheap,,,12/08/2026 03:11
2625b787-00fa-41b2-b831-37e395039cc0,grenoble.games,available,26.2,26.2,medium,low,8,cloudflare,,,28/09/2026 19:22
53a26daf-4a65-408f-99b8-d29604010dea,watering.games,available,33.99,33.99,high,low,8,namesilo,,,19/09/2026 17:23
556d0f1e-1bc3-4077-b2b6-394214f174b3,devised.games,available,8.24,27.29,medium,low,7,porkbun,,,29/09/2026 16:34
c1dd3434-8478-4414-8fc0-dc7531df9bde,eery.games,available,11.98,42.98,medium,low,4,namecheap,,,15/08/2026 12:45
b55891ba-13c3-470c-9d8f-e654e638808b,avocado.games,resell,,,high,low,7,"DNSPod, Inc.",25/07/2025 15:15,25/07/2027 15:15,26/09/2026 04:10
dddf460f-3b7d-4b50-a0a6-e10941329405,captious.games,available,11.98,42.98,medium,low,8,namecheap,,,11/08/2026 18:18
8541efef-1950-4a19-834e-fd8ba29f3b62,terrifying.games,available,10.55,27.11,medium,low,10,spaceship,,,28/09/2026 02:19
e7c3fb9c-4019-4645-93a0-7bce24e05df8,relieved.games,available,11.98,42.98,high,low,8,namecheap,,,
e966abee-fbdd-400f-a622-0621dafad7d3,nescient.games,available,11.98,42.98,medium,low,8,namecheap,,,21/08/2026 18:29
c0152b06-ac3a-4759-9dcc-7e1ce10cd173,veracruz.games,available,10.55,27.11,high,low,8,spaceship,,,28/09/2026 06:50
9f72d387-707b-41f7-b4a6-dbe83ad4baa3,tramontana.games,available,11.98,42.98,medium,low,10,namecheap,,,11/09/2026 18:50
d08f556a-86de-440d-830f-879fc794fedf,hangdog.games,available,11.98,42.98,medium,low,7,namecheap,,,20/08/2026 23:41
3c06353f-b6d4-4715-a021-78316faf2763,jutland.games,available,33.99,33.99,medium,low,7,namesilo,,,22/09/2026 15:18
08f98a45-64b9-412e-a549-57770754410a,ramirez.games,available,10.55,27.11,medium,low,7,spaceship,,,28/09/2026 08:04
31e054c5-36a8-4360-90f6-09c54d3cbda3,aliform.games,available,11.98,42.98,medium,low,7,namecheap,,,
8e786223-849a-4294-80fa-a8a54b4350dc,unleaded.games,available,11.98,42.98,high,low,8,namecheap,,,22/08/2026 21:46
02644158-550e-4dca-b497-f573876bf442,ages.games,available,19.99,,medium,low,4,name.com,,,
1cf508b3-8599-4b2e-a683-c351c04e36e0,clop.games,available,11.98,42.98,medium,low,4,namecheap,,,15/09/2026 20:47
64952cde-82d4-46ab-ab17-5d8c41ce8555,immensely.games,available,11.98,42.98,high,low,9,namecheap,,,15/09/2026 01:58
b29fe0f7-2f26-4236-b937-99c644f08af0,bandleader.games,available,33.99,33.99,high,low,10,namesilo,,,22/09/2026 01:25
0da2e6a3-1dba-4aeb-a663-7eaa8050fe03,filetypes.games,available,33.99,33.99,low,low,9,namesilo,,,20/09/2026 01:57
4b4932bf-3c2d-453f-a8f4-604f3f864eae,sunglass.games,available,19.99,,high,low,8,name.com,,,
fb17b979-a00b-47c7-b291-406cc488f79d,trumpery.games,available,11.98,42.98,medium,low,8,namecheap,,,18/08/2026 23:50
1c2fe442-8523-422f-8dcc-6465e515c4e9,bioweapon.games,available,33.99,33.99,medium,low,9,namesilo,,,23/09/2026 17:40
8bee52aa-5518-4a2a-bf38-cce272aeb9c0,children.games,premium,140,280,high,low,8,namecheap,,,
ccc827e9-38c6-4d0f-be59-8efdc9020b10,duodenal.games,available,11.98,42.98,medium,low,8,namecheap,,,14/08/2026 21:21
249b77cc-2db7-44df-8d6c-4dab70ef3538,scattering.games,available,33.99,33.99,high,low,10,namesilo,,,24/09/2026 22:59
57187f0b-e575-4155-b681-07c08c17f50c,squealed.games,available,33.99,33.99,low,low,8,namesilo,,,20/09/2026 17:30
619a4b08-5119-45f6-b57e-d04343b7dd14,contorted.games,available,11.98,42.98,medium,low,9,namecheap,,,12/08/2026 23:22
f54ec5f5-bee7-48ea-a1a3-f15807eb45d5,airborne.games,available,11.98,42.98,high,low,8,namecheap,,,
c47cbe8c-6ef0-46f8-bc9e-e770657105bb,antiquary.games,available,11.98,42.98,medium,low,9,namecheap,,,
332875a2-a22e-4544-b186-1df1eda0db76,margin.games,available,33.99,33.99,high,low,6,namesilo,,,29/09/2026 01:09
9573418d-4065-426e-be62-ee58868f79d2,enraged.games,available,11.98,42.98,medium,low,7,namecheap,,,
b7816bc9-7bf2-4268-a96b-b6720aa02bb6,cloudlike.games,available,11.98,42.98,medium,low,9,namecheap,,,12/08/2026 12:38
29699c5a-997d-415f-a13f-9ffdb19f4685,marched.games,available,33.99,33.99,medium,low,7,namesilo,,,29/09/2026 10:58
52ed4b0b-158f-4de4-bb46-342caf8e9f9b,cindy.games,available,19.99,,high,low,5,name.com,,,
953aacba-1302-46bd-9282-37ddbdbcd84a,cao.games,premium,118.8,118.8,high,low,3,namesilo,,,25/09/2026 14:36
a0643ffa-8874-45dd-a159-0df56f0fd48b,anagram.games,resell,,,high,low,7,"Sav.com, LLC",22/01/2017 17:53,22/01/2027 17:53,28/09/2026 21:09
a906a96f-79ab-4992-a0da-4313eaad351d,hypotonic.games,available,11.98,42.98,medium,low,9,namecheap,,,21/08/2026 17:19
00e656f0-cf40-45a7-b980-7d885aebdc82,outdo.games,available,11.98,42.98,high,low,5,namecheap,,,09/08/2026 17:43
c5083b9b-f86b-4297-a096-bdc4934066d5,barracks.games,available,26.2,26.2,medium,low,8,cloudflare,,,28/09/2026 13:08
096d9932-d36c-4f78-9ca2-3a65c52ed9ef,dreamfully.games,available,11.98,42.98,medium,low,10,namecheap,,,14/09/2026 14:19
bbdf3d4b-e9b0-495d-bd11-f42d736b7a75,tethered.games,available,11.98,42.98,medium,low,8,namecheap,,,11/09/2026 12:10
1595ba0a-75dc-4f7c-91ac-f681b6bb3223,goosefish.games,available,33.99,33.99,medium,low,9,namesilo,,,18/09/2026 11:40
489dd842-90cd-4072-92c0-067b0dd15280,ardently.games,available,11.98,42.98,medium,low,8,namecheap,,,13/09/2026 20:41
12ce814d-ac7b-41d8-8e37-031d47fd287f,grabby.games,available,11.98,42.98,medium,low,6,namecheap,,,07/08/2026 21:58
a7e434e9-f518-4feb-b4f5-32d1c8a41bbe,billed.games,available,11.98,42.98,high,low,6,namecheap,,,09/08/2026 21:23
5302168c-7528-4d06-b310-2111595c6da7,knife.games,available,33.99,33.99,high,low,5,namesilo,,,25/09/2026 23:24
7579bf80-1a93-4992-a97d-ac390c3e6990,euler.games,available,35,,high,low,5,unstoppable,,,28/09/2026 05:39
104cc2a7-ea37-4b0f-a444-29e5adfd94fa,tannic.games,available,11.98,42.98,medium,low,6,namecheap,,,11/09/2026 08:01
3529f026-9bc7-4a1b-a6a5-2ccd12552de1,overhanded.games,available,11.98,42.98,medium,low,10,namecheap,,,04/09/2026 20:12
ec118835-7742-483d-9c9f-0ebba7d48ad6,gird.games,available,33.99,33.99,medium,low,4,namesilo,,,20/09/2026 06:19
6f22d83f-53cf-4c4b-ba24-72a753fa667c,accordingly.games,available,11.98,42.98,medium,low,11,namecheap,,,29/09/2026 02:47
c03f43ae-a975-4919-93b6-9c3a297fab05,gideon.games,available,26.2,26.2,high,low,6,cloudflare,,,28/09/2026 16:03
48543c0b-8528-4c38-8fc7-fdb9ef3a9ca1,apothegm.games,available,33.99,33.99,medium,low,8,namesilo,,,19/09/2026 17:10
79df3589-ef95-49e1-9c91-55e6c832c625,hex.games,premium,64.35,128.7,high,medium,3,namecheap,,,21/08/2026 07:35
d6de2d7c-3a5f-4385-8782-5b22fa4eb3c0,reverse.games,available,33.99,33.99,high,low,7,namesilo,,,23/09/2026 22:34
52ae35ce-568e-419f-b8b7-805e2d0e1325,badges.games,available,10.55,27.11,medium,low,6,spaceship,,,29/09/2026 17:33
a25e9b48-a4ba-4bf0-ae0b-2afff91c6316,bouquet.games,available,33.99,33.99,high,low,7,namesilo,,,24/09/2026 07:35
f9525c7c-5b6b-4ec7-9991-44669d957fa0,koala.games,resell,,,high,low,5,"DNSPod, Inc.",06/05/2021 16:26,06/05/2027 16:26,30/09/2026 01:10
62afb622-66be-4e83-a4c2-b46e6806bbf5,balder.games,available,11.98,42.98,medium,low,6,namecheap,,,21/09/2026 21:33
6cca508c-d6a7-45fb-a6c0-c84fec501e07,simplify.games,available,19.99,,high,low,8,name.com,,,
aa958743-c602-4d93-bd57-54799c23dd1c,unsworn.games,available,11.98,42.98,medium,low,7,namecheap,,,12/09/2026 20:53
91f705b5-5f09-488d-bd7e-17113d1f32a5,shelter.games,available,19.99,,high,low,7,name.com,,,
1ec17f23-bd27-44ca-ae97-5c811675073d,sunstruck.games,available,11.98,42.98,medium,low,9,namecheap,,,11/09/2026 02:01
0bc49c41-ab5e-443b-a476-af3644bf2d0b,gumptious.games,available,11.98,42.98,medium,low,9,namecheap,,,20/08/2026 20:57
19a294c2-3fce-401f-aa94-31224901be38,afflicted.games,available,11.98,42.98,high,low,9,namecheap,,,
e54c1df2-4006-4cfc-9a8e-988bd20dee07,dimly.games,available,11.98,42.98,medium,low,5,namecheap,,,14/09/2026 12:45
5223f414-1be0-470c-9112-cba4644f8e02,bigamy.games,available,33.99,33.99,medium,low,6,namesilo,,,23/09/2026 15:03
2a941cd2-a90e-4c61-b183-dcf30c373e8d,bowel.games,available,8.24,28.04,medium,low,5,dynadot,,,29/09/2026 06:08
fbe4bec0-96f8-403f-a37c-af5916dca19e,peterson.games,available,33.99,33.99,high,low,8,namesilo,,,25/09/2026 17:40
be5aa8da-5b59-461c-82f0-dc2f3181f3bc,philadelphia.games,premium,69.3,138.6,high,low,12,namecheap,,,
0387d834-0e0a-4624-92f4-c3babecdc00f,spillover.games,available,33.99,33.99,medium,low,10,namesilo,,,16/09/2026 17:36
24ce07f4-ccb9-42bb-9756-cf8fa9eb6e38,grass.games,resell,,,high,low,5,"DNSPod, Inc.",22/04/2023 15:15,22/04/2027 15:15,29/09/2026 16:34
c54fa921-f77f-478e-9dc5-e20a840979c8,inveterate.games,available,11.98,42.98,high,low,10,namecheap,,,22/08/2026 09:02
b620fc02-926f-4fa3-ab18-3bdba68d3466,homework.games,available,10.55,27.11,high,low,8,spaceship,,,28/09/2026 06:00
e38f2297-c09d-413d-af7a-899de769641d,bison.games,resell,,,high,low,5,"DNSPod, Inc.",20/07/2025 15:15,20/07/2027 15:15,26/09/2026 04:27
16768f41-3879-4dc2-a78e-19e5c22e992c,resiny.games,available,11.98,42.98,medium,low,6,namecheap,,,09/09/2026 15:15
ba38e31e-1b2a-46e1-a6c6-d287732c793d,consuming.games,available,11.98,42.98,high,low,9,namecheap,,,23/09/2026 21:22
7a60e82a-326d-431b-8c00-4d71196c7b78,bercy.games,available,33.99,33.99,medium,low,5,namesilo,,,23/09/2026 09:16
4ed23fca-b9d3-48cc-815e-75140bf1d0e0,rosy.games,available,11.98,42.98,high,low,4,namecheap,,,18/08/2026 09:27
62ae6ed5-1cc3-4839-adfc-bd3cbcc43c7a,physiological.games,available,10.55,27.11,medium,low,13,spaceship,,,29/09/2026 20:58
d9f184ad-50e8-4bc7-82f4-fb4963c1b880,monocled.games,available,11.98,42.98,medium,low,8,namecheap,,,09/08/2026 17:15
c3b0de05-b76f-4095-b5c4-98a0ab247b42,unadjusted.games,available,11.98,42.98,medium,low,10,namecheap,,,11/09/2026 23:52
6adcbbf4-6be0-4670-9a44-911c9ccb3fee,unshakable.games,available,11.98,42.98,high,low,10,namecheap,,,23/09/2026 10:41
e91ca7a5-1dd2-42dc-8c52-0be6b7433d24,blithely.games,available,11.98,42.98,medium,low,8,namecheap,,,14/09/2026 00:31
d1f493a7-b889-4ac8-af02-1668f8d41b0a,alpinist.games,available,11.98,42.98,high,low,8,namecheap,,,18/09/2026 14:06
d702203f-78d0-4a55-9e12-807cdb7767c9,exceeding.games,available,11.98,42.98,high,low,9,namecheap,,,17/08/2026 15:59
78e29435-c2ad-4d1e-a3a3-0d9e6bdb5b22,filling.games,available,33.99,33.99,high,low,7,namesilo,,,25/09/2026 22:48
91eee6df-84b2-4645-be3e-580c62d193c1,miners.games,available,35,,medium,low,6,unstoppable,,,28/09/2026 18:17
fec0e912-4efc-4b53-8998-75068b96c267,several.games,available,19.99,,high,low,7,name.com,,,
f0267497-3a8f-4863-964c-b1ab746e15eb,employ.games,available,11.98,42.98,high,low,6,namecheap,,,08/09/2026 13:39
2365c709-d112-4ee4-bdd1-a61de74d132e,windshield.games,available,26.2,26.2,high,low,10,cloudflare,,,29/09/2026 14:08
296e47bb-99f4-4979-a247-af002dfb51b0,spd.games,premium,51.43,102.67,high,low,3,spaceship,,,28/09/2026 03:51
14ddea82-62cf-443b-a24b-29c0b662d705,grouped.games,available,11.98,42.98,high,low,7,namecheap,,,20/08/2026 20:22
80c28282-c5dd-4037-b105-2c98257f308a,mesmerised.games,available,11.98,42.98,medium,low,10,namecheap,,,17/08/2026 22:52
9f09dfc8-85f3-4f61-8a09-003d1f96bad8,cyclical.games,available,14.99,43.99,high,low,8,name.com,,,13/08/2026 13:34
fc3a1a02-4b33-48fd-b42d-9a4c126a2792,rheumatism.games,available,33.99,33.99,medium,low,10,namesilo,,,21/09/2026 00:56
4ccb1fe7-7b11-452c-92b4-267bceabe2d3,ticking.games,available,19.99,,high,low,7,name.com,,,
d263855f-3238-454e-8878-09af8b040006,partitioned.games,available,33.99,33.99,low,low,11,namesilo,,,18/09/2026 12:14
b66bd0b3-3e8e-49cb-82b4-fa67fc4b2bbd,sneaky.games,available,11.98,42.98,high,low,6,namecheap,,,18/08/2026 18:58
421b175e-c835-4a44-982c-b35a22f354c2,mahmud.games,available,33.99,33.99,medium,low,6,namesilo,,,28/09/2026 22:18
98716c67-94a8-4d0c-992a-0db3576fb94b,copesetic.games,available,11.98,42.98,medium,low,9,namecheap,,,13/08/2026 00:22
32f8b9f4-8dbf-4391-bd11-cc3630ceeef8,guile.games,available,11.98,42.98,medium,low,5,namecheap,,,13/08/2026 10:41
496221de-9e39-4b9d-b590-3bedbc9d4cb4,downscale.games,available,11.98,42.98,medium,low,9,namecheap,,,14/08/2026 17:52
772d510b-649a-42b1-afdc-9cad0c98038a,curiously.games,available,35,,medium,low,9,unstoppable,,,28/09/2026 14:28
5fd9d27a-4022-4390-bf6b-15a04b58dc5f,info.games,resell,,,high,medium,4,Squarespace Domains II LLC,01/07/2022 12:33,01/07/2027 12:33,30/09/2026 00:06
865a625d-5bdd-4edf-9a13-ab9dfc272db7,doubt.games,available,35,,high,low,5,unstoppable,,,29/09/2026 16:37
adc4775a-4441-4000-a858-f08950e92a34,cleanly.games,available,11.98,42.98,high,low,7,namecheap,,,12/08/2026 10:21
b537897c-46b2-4b04-aa7a-3189304575b9,aruru.games,available,11.98,42.98,medium,low,5,namecheap,,,20/09/2026 12:26
407e7ebf-ec7e-4e29-8527-b8b4cc9e36e6,passing.games,available,33.99,33.99,high,low,7,namesilo,,,24/09/2026 14:24
4e4c5309-b3b4-4bf2-94c3-50faa6cefef4,barberry.games,available,33.99,33.99,medium,low,8,namesilo,,,22/09/2026 04:51
5939edec-e1ef-43cc-8f39-c92f6270844e,baseborn.games,available,11.98,42.98,low,low,8,namecheap,,,08/08/2026 21:34
7901c6c0-d6c8-411f-8ffd-b53e06b07858,suppertime.games,available,11.98,42.98,high,low,10,namecheap,,,24/09/2026 22:23
5d758a11-43df-43cc-9103-30b6a399aec5,cynical.games,available,14.99,43.99,high,low,7,name.com,,,13/08/2026 13:59
36e1aee8-f5b5-46da-a596-9db919c42926,jovially.games,available,11.98,42.98,medium,low,8,namecheap,,,15/09/2026 09:51
85f85ae5-804e-4549-a8dd-b14e8cfa4239,cynthia.games,available,11.98,42.98,high,low,7,namecheap,,,20/09/2026 10:13
0a1604ba-0341-4998-99d4-53d0d83ac466,july.games,available,35,,high,low,4,unstoppable,,,30/09/2026 01:04
fa557fe5-c175-4ceb-a17c-d0977030b9f0,medication.games,available,19.99,,high,low,10,name.com,,,
f5ec2bb9-ca29-4237-896c-47e22e55b5ab,thessaloniki.games,available,10.55,27.11,medium,low,12,spaceship,,,29/09/2026 15:14
e162f3b8-49f0-4f66-833d-39d0defa2cab,operable.games,available,11.98,42.98,medium,low,8,namecheap,,,04/09/2026 16:20
93857774-971d-4fcf-9284-c0736b5e37d6,foolish.games,available,33.99,33.99,high,low,7,namesilo,,,24/09/2026 11:44
c38757a2-3d88-4e80-b37d-771d788bf3e7,hum.games,premium,69.3,138.6,high,low,3,namecheap,,,28/09/2026 19:52
9ba53089-e5e5-46e9-a1a7-c735e3f3de7a,matisse.games,available,10.55,27.11,high,low,7,spaceship,,,29/09/2026 22:40
8ac2e1bb-ee62-4581-9483-4239c9cf0844,unworried.games,available,11.98,42.98,medium,low,9,namecheap,,,11/08/2026 19:03
4ff1d3e6-ea5e-4408-b377-4530e7b5e66f,baptisia.games,available,33.99,33.99,medium,low,8,namesilo,,,22/09/2026 03:24
6fda8006-4e58-4a1c-9298-501b9448dfa0,upstage.games,available,11.98,42.98,high,low,7,namecheap,,,
71d052a8-9748-4f66-ab6f-bc3733c6138b,matured.games,available,11.98,42.98,high,low,7,namecheap,,,18/08/2026 17:58
ab2fb158-4034-4ec0-b53b-9091e17bf8a7,lourdes.games,available,33.99,33.99,medium,low,7,namesilo,,,29/09/2026 09:34
16b26730-22f5-45a4-b1df-f68d621e6d74,stealing.games,available,11.98,42.98,medium,low,8,namecheap,,,11/09/2026 13:24
67fcdc65-587b-4de5-ae73-e1cebe2f75f5,jul.games,premium,,,medium,low,3,,,,28/09/2026 21:44
50d77828-cb39-4255-a064-182c7c17d6ac,taped.games,available,11.98,42.98,high,low,5,namecheap,,,11/09/2026 08:15
d4965d9e-c673-4412-b4c4-a31e50d4accc,tyres.games,available,11.98,42.98,medium,low,5,namecheap,,,20/09/2026 19:00
33be552a-ea23-419b-bd67-f8283d8558c8,sandra.games,available,33.99,33.99,high,low,6,namesilo,,,27/09/2026 22:38
c8057a80-1a1f-4131-acb4-b3194abd618d,varying.games,available,11.98,42.98,high,low,7,namecheap,,,13/09/2026 01:31
c47501ca-19c7-425c-af79-abd7f3718dd8,distributions.games,available,33.99,33.99,medium,low,13,namesilo,,,25/09/2026 21:52
6fbd581f-e5ce-4046-ab0a-636d858dea23,ratios.games,available,11.98,42.98,medium,low,6,namecheap,,,20/09/2026 23:23
17143210-0a28-4a54-8748-587b1e5a58f0,aglaia.games,available,14.99,43.99,medium,low,6,name.com,,,17/09/2026 18:17
37c203ce-2b04-4a4e-b160-4857cb6dab9f,pea.games,premium,118.8,118.8,high,low,3,namesilo,,,28/09/2026 15:03
fef1ba67-5dc8-4844-9f65-1727ccf6fcd1,addiction.games,resell,,,high,low,9,"Xiamen ChinaSource Internet Service Co., Ltd",17/01/2026 15:15,17/01/2027 15:15,26/09/2026 01:22
a57eff66-d83c-4e9a-bd33-57a26f6a206c,crushing.games,available,11.98,42.98,high,low,8,namecheap,,,13/08/2026 09:13
9c99393c-7a9e-4286-97c4-173f4b372b07,closed.games,available,11.98,42.98,high,low,6,namecheap,,,12/08/2026 12:15
3a5612c7-d328-45d8-a81b-af6390e082fc,sky.games,premium,700,1400,high,medium,3,namecheap,,,
f4284a5f-4611-4ee0-8a3d-16bd9fd56ba0,marjorie.games,available,10.55,27.11,high,low,8,spaceship,,,29/09/2026 04:00
76562136-5385-4d4d-85a7-4ccf4c06036f,estimators.games,available,33.99,33.99,medium,low,10,namesilo,,,20/09/2026 23:34
114c8f6e-5e43-44a8-a21b-657aa7e6f828,minister.games,available,11.98,42.98,high,low,8,namecheap,,,24/09/2026 20:20
7c9dd94e-5d9b-496f-9e9b-5f9596f4dbb6,remington.games,available,19.99,,high,low,9,name.com,,,
23b800e6-498f-4b11-900d-4db3c440ded5,total.games,resell,,,high,medium,5,"Chengdu West Dimension Digital Technology Co., Ltd.",10/12/2023 15:15,10/12/2026 15:15,26/09/2026 09:41
eee535cf-bdfe-477f-9276-de35f9c0ab5f,superable.games,available,11.98,42.98,high,low,9,namecheap,,,11/09/2026 02:14
df516376-6424-4ded-b869-83e5470f318d,endogamous.games,available,11.98,42.98,medium,low,10,namecheap,,,17/08/2026 01:10
bed890bc-f526-47ce-af64-d5551d10b5fa,egoistic.games,available,11.98,42.98,medium,low,8,namecheap,,,15/08/2026 18:54
d9238617-6bc9-4f2a-b9ac-6e822b56f318,rocco.games,available,33.99,33.99,high,low,5,namesilo,,,29/09/2026 09:27
947f3a47-c2c1-4c25-9b3a-0633042e38a7,abkhazia.games,available,14.99,43.99,medium,low,8,name.com,,,16/09/2026 16:03
8a99e3d9-809a-4458-bc44-82d70fe5393a,exchanging.games,available,33.99,33.99,medium,low,10,namesilo,,,20/09/2026 00:55
be461b9c-0fc7-4ee9-93fc-3ddc244fa08c,gambian.games,available,11.98,42.98,medium,low,7,namecheap,,,18/08/2026 19:48
4d7f07db-1a40-444b-a222-ec29006ca603,imbalanced.games,available,11.98,42.98,medium,low,10,namecheap,,,21/08/2026 20:20
fd2eb847-7150-4e9c-9560-4e1a9b89f07d,designedly.games,available,11.98,42.98,medium,low,10,namecheap,,,13/09/2026 17:33
5e4e1b64-b8bf-409d-b898-f518b49f5413,triplex.games,available,11.98,42.98,medium,low,7,namecheap,,,11/09/2026 11:51
07a5c01a-efc2-4bb4-8bf0-d215c734e61a,appropriate.games,available,33.99,33.99,high,low,11,namesilo,,,25/09/2026 11:22
612ea519-8fc3-4349-bfc5-903da3731489,herod.games,available,8.24,27.29,medium,low,5,porkbun,,,28/09/2026 14:26
c89ddea1-0303-429e-b50b-3ead0ac5bc23,seawards.games,available,11.98,42.98,medium,low,8,namecheap,,,10/09/2026 01:02
71e7ff6b-a14d-491a-93b0-0af5a824b499,suicide.games,available,33.99,33.99,high,low,7,namesilo,,,25/09/2026 05:57
d9e95144-814c-4101-9211-a3309a28f9dc,lydia.games,available,33.99,33.99,high,low,5,namesilo,,,25/09/2026 09:12
d96b7e24-6ded-4d68-b72d-7d51e14a1350,designate.games,available,11.98,42.98,high,low,9,namecheap,,,14/08/2026 03:42
41742812-2670-4107-94ce-e0fc1730ac8f,bevin.games,available,11.98,42.98,medium,low,5,namecheap,,,23/09/2026 12:05
c7f41166-ad78-4fe9-8dc0-7c952a4a863f,conception.games,available,33.99,33.99,high,low,10,namesilo,,,24/09/2026 17:07
3eac3d30-2051-416c-8d86-45a2a6598e0c,either.games,available,26.2,26.2,medium,low,6,cloudflare,,,28/09/2026 14:39
a67e0ff2-cd49-48af-b463-2a03f23c5b03,calcutta.games,available,33.99,33.99,high,low,8,namesilo,,,30/09/2026 00:56
875eea0a-3db5-4f25-8549-8172ef464c61,biologist.games,available,11.98,42.98,high,low,9,namecheap,,,23/09/2026 18:26
7884e2d5-c2ef-4eb4-9dc3-e96e81012043,constructed.games,available,10.55,27.11,high,low,11,spaceship,,,29/09/2026 16:21
43b6c061-b8cf-436a-881c-089292bb9458,chore.games,available,8.24,28.04,high,low,5,dynadot,,,29/09/2026 09:00
b7386a03-985a-478f-894a-11e61c9c7296,bedevil.games,available,11.98,42.98,medium,low,7,namecheap,,,14/08/2026 21:15
b6d4d14d-499f-4bbe-b27d-930d26ed1c4c,heatless.games,available,11.98,42.98,medium,low,8,namecheap,,,21/08/2026 02:27
34ccde02-5883-44de-8d0c-005d441dac52,oily.games,available,11.98,42.98,medium,low,4,namecheap,,,11/08/2026 11:42
d48f5a80-eca8-47b1-909b-66e0eb0f904a,seniors.games,available,8.24,27.29,medium,low,7,porkbun,,,29/09/2026 05:13
4a1c9031-4fdd-4010-b59c-0c4545c5ccc0,consequence.games,available,33.99,33.99,high,low,11,namesilo,,,28/09/2026 15:40
00b39b0b-a187-4ec2-9e34-3d391d8bcadc,humidity.games,available,35,,high,low,8,unstoppable,,,29/09/2026 01:18
39faa582-df90-4bd8-8d5c-07c8dfe9c1fe,incased.games,available,11.98,42.98,medium,low,7,namecheap,,,11/08/2026 20:08
57062e06-ec60-4a88-8ddd-e19c5cac2ea5,pressing.games,available,33.99,33.99,high,low,8,namesilo,,,27/09/2026 05:26
b9d5b785-9219-45ab-ac0f-01d4aa22fbbe,atf.games,premium,64.35,128.7,high,low,3,namecheap,,,20/09/2026 20:14
2d8003bc-15f7-4a2a-9ae1-6a3df4f2fe48,bentwood.games,available,33.99,33.99,medium,low,8,namesilo,,,23/09/2026 08:47
f05957d5-fe14-420a-81b0-941a152ed4d7,graduates.games,available,26.2,26.2,medium,low,9,cloudflare,,,29/09/2026 11:39
a1662d40-a1ae-4209-969e-07c9245fa63d,matthews.games,available,11.98,42.98,high,low,8,namecheap,,,25/09/2026 19:36
ac953954-c371-43f3-92c2-d291bf36f4b4,atrophy.games,available,11.98,42.98,high,low,7,namecheap,,,13/09/2026 12:50
c1ee4f01-f0ac-4a30-9bd9-f62511705aef,glooming.games,available,11.98,42.98,medium,low,8,namecheap,,,20/08/2026 14:41
efc05adc-b8a7-46d5-92c4-dbc9be2ff39f,rollicking.games,available,11.98,42.98,high,low,10,namecheap,,,12/08/2026 18:08
fbff485a-3bd4-4fb4-a034-c5b6a36406f6,agha.games,available,33.99,33.99,medium,low,4,namesilo,,,17/09/2026 15:59
a6c2d282-27bc-4ad2-bf4f-646abd5e24e7,excellency.games,available,33.99,33.99,high,low,10,namesilo,,,29/09/2026 00:51
9e0397c9-e156-4e71-aefb-f6e89a33054d,atlantis.games,resell,,,high,low,8,"DNSPod, Inc.",24/04/2025 15:16,24/04/2027 15:16,26/09/2026 04:06
2bcbd666-d34a-4f0a-85d3-75ed4295371c,weeks.games,available,,,medium,low,5,,,,
afd407e2-322a-477d-a43e-8cde3a83d5da,organization.games,available,8.24,27.29,high,low,12,porkbun,,,28/09/2026 03:32
122b8fe3-6339-49fc-a780-ab2122e185b9,chelsea.games,available,33.99,33.99,high,low,7,namesilo,,,25/09/2026 14:48
a86996d0-c009-4054-8524-78a3513e8586,geothermic.games,available,11.98,42.98,medium,low,10,namecheap,,,18/08/2026 22:41
1a99a2a2-e5b9-4d38-a914-66546f8534e3,macy.games,available,33.99,33.99,medium,low,4,namesilo,,,28/09/2026 22:01
cc7e033a-398c-4c7c-9cc8-8f5c7ceeef6e,purse.games,available,11.98,42.98,high,low,5,namecheap,,,25/09/2026 23:04
0f3f3af2-5ef9-450f-9be7-7cd0b6d151b7,grain.games,resell,,,high,low,5,,,,28/09/2026 01:37
10bce36a-3441-4f95-a250-1994390d3c54,malted.games,available,11.98,42.98,high,low,6,namecheap,,,24/08/2026 14:12
ac921900-c3f3-4586-b125-a8c3407adf9d,manifestly.games,available,11.98,42.98,medium,low,10,namecheap,,,08/09/2026 20:23
38169dbc-f0b7-4e31-ba71-80cff8b91d74,variance.games,available,11.98,42.98,high,low,8,namecheap,,,13/09/2026 01:16
dcf2dff8-d460-4c75-9d17-1e4bc459d63d,leftish.games,available,11.98,42.98,medium,low,7,namecheap,,,22/08/2026 22:47
40b44eee-c774-4c5a-8d54-c5c62d1dfa0e,erica.games,available,11.98,42.98,high,low,5,namecheap,,,29/09/2026 00:50
fc692bb7-f86e-4b5e-8920-00fd2a53a47b,sassy.games,available,11.98,42.98,high,low,5,namecheap,,,04/09/2026 20:24
58f99bf7-065c-4b23-a5a2-535ea5bc428a,analysis.games,available,8.24,28.04,high,low,8,dynadot,,,28/09/2026 03:24
84cde558-e2e8-4dc8-81d3-36788793faec,beldame.games,available,33.99,33.99,medium,low,7,namesilo,,,23/09/2026 04:46
3395f50a-e2c0-4843-aae8-40804cfdf422,axially.games,available,11.98,42.98,medium,low,7,namecheap,,,13/09/2026 22:57
f9a63d59-c353-470a-959e-be2e714f5701,resupine.games,available,11.98,42.98,medium,low,8,namecheap,,,09/09/2026 15:30
81a69f2d-99d4-464e-9a5b-afc98c5d999a,velar.games,available,11.98,42.98,medium,low,5,namecheap,,,13/09/2026 01:59
02e66b52-58cc-4ff6-b3a6-e245a1bd4e7f,admit.games,available,33.99,33.99,high,low,5,namesilo,,,26/09/2026 00:34
a6c5092c-fdcc-4550-8837-d2c9614652f2,macedonia.games,available,,,high,high,9,,,,
72eabf90-536b-403c-8cbf-6722ac4b09a2,sixteen.games,available,33.99,33.99,high,low,7,namesilo,,,21/09/2026 11:48
7960faa9-5983-444a-ba3c-463853221bfa,eagle.games,resell,,,high,low,5,"Sav.com, LLC - 12",02/06/2024 15:15,02/06/2027 15:15,26/09/2026 05:44
48f49d5c-861b-4fcd-ad15-5a179c65c9e1,ordeal.games,available,10.55,27.11,medium,low,6,spaceship,,,29/09/2026 07:47
37146615-6d0d-4dc3-9465-83dba9b8dad3,primadonna.games,available,19.99,,medium,low,11,name.com,,,
8efe0a01-359a-49f2-b60c-20516c8e3fc3,flooded.games,available,11.98,42.98,high,low,7,namecheap,,,08/08/2026 00:23
d6ac82d2-011a-46ba-a1a3-eca8bc9ab64e,repetitive.games,available,11.98,42.98,medium,low,10,namecheap,,,22/08/2026 07:14
d5a78134-8e29-4c01-8f19-0c0ecd280923,fracas.games,available,33.99,33.99,medium,low,6,namesilo,,,17/09/2026 14:44
1bd50abe-9bf1-4da2-bca2-c7599ec8d960,jibe.games,available,33.99,33.99,medium,low,4,namesilo,,,22/09/2026 04:14
347e1c88-ebfe-4d72-8393-a2f0464cd3e9,thy.games,premium,118.8,118.8,medium,low,3,namesilo,,,28/09/2026 15:36
dfb668f2-1f5f-4c96-a810-534be8b65cd7,policies.games,available,11.98,42.98,medium,low,8,namecheap,,,04/09/2026 07:55
070f9674-2c8d-491b-900b-13b452fe5dfa,boondocks.games,available,33.99,33.99,high,low,9,namesilo,,,21/09/2026 14:32
822d94a1-b34a-4523-9a3b-d116199ce35a,lachrymose.games,available,11.98,42.98,medium,low,10,namecheap,,,14/08/2026 15:34
3896e05d-a744-4a49-8840-c439de2232bd,elkins.games,available,33.99,33.99,medium,low,6,namesilo,,,29/09/2026 15:44
67c9a8e0-369a-40ba-95d6-cccbf76ed9df,parole.games,available,10.55,27.11,high,low,6,spaceship,,,28/09/2026 05:28
71e7e8f6-b82b-44ae-92b3-f7d45f8c7b06,counsellor.games,available,10.55,27.11,high,low,10,spaceship,,,29/09/2026 18:29
31a9bcaa-83a7-4311-bcbf-670ccefba05c,upturned.games,available,11.98,42.98,medium,low,8,namecheap,,,04/09/2026 21:58
d3bfc06b-6fa7-4452-801a-a1afc1867764,complained.games,available,35,,low,low,10,unstoppable,,,28/09/2026 17:47
95869837-9376-4359-94a7-530a011cb1b2,davie.games,available,33.99,33.99,high,low,5,namesilo,,,29/09/2026 22:14
a050f234-36f8-42c9-a678-f01ded05c191,grossly.games,available,11.98,42.98,medium,low,7,namecheap,,,14/09/2026 22:29
a91de35e-a28a-45b4-a756-9c90c27e6f93,romish.games,available,11.98,42.98,medium,low,6,namecheap,,,05/09/2026 01:30
4e138048-4a8b-4477-b0ea-9abfc7d77c05,ballast.games,available,33.99,33.99,high,low,7,namesilo,,,21/09/2026 22:46
e44d9f73-7a20-44a2-bec0-336952c1eb25,feminine.games,available,33.99,33.99,high,low,8,namesilo,,,24/09/2026 17:35
900db534-9017-4f26-ae7a-1fb435a3361b,mollify.games,available,11.98,42.98,high,low,7,namecheap,,,18/08/2026 22:10
5d603037-bce3-49a1-8656-63dc09628d69,amnic.games,available,11.98,42.98,medium,low,5,namecheap,,,
1b2471ef-e10b-46df-aacd-0c77031abc70,instruments.games,available,33.99,33.99,high,low,11,namesilo,,,28/09/2026 04:58
0c3c4f2e-f7f5-4a7c-9f69-bed993e37d48,faceted.games,available,11.98,42.98,medium,low,7,namecheap,,,17/08/2026 20:24
1db14588-e512-4be0-8ecd-41acca677669,neutrality.games,available,26.2,26.2,high,low,10,cloudflare,,,29/09/2026 15:55
2c81e49b-54c0-45e5-86fe-da381e8ccbc3,samarium.games,available,33.99,33.99,medium,low,8,namesilo,,,20/09/2026 23:24
c2c30b03-9aca-4ed7-9af3-a760f3a84148,flier.games,available,11.98,42.98,high,low,5,namecheap,,,11/08/2026 05:10
df7fc723-b13d-453c-aeff-89435af52b13,criminal.games,resell,,,high,low,8,"Xiamen ChinaSource Internet Service Co., Ltd",11/02/2023 15:16,11/02/2027 15:16,26/09/2026 05:20
84308b3d-a7a1-4e99-b99b-acce27b1a0f5,served.games,available,33.99,33.99,high,low,6,namesilo,,,25/09/2026 17:23
8060de5c-35b3-4195-aa6a-2e0f6cf17517,clipped.games,available,11.98,42.98,high,low,7,namecheap,,,12/08/2026 11:16
d41cc228-6571-4759-92d5-0547946793f7,happily.games,available,10.55,27.11,high,low,7,spaceship,,,28/09/2026 13:29
9acb2c1b-b57f-4cbb-877f-d734ff983c23,airs.games,available,33.99,33.99,high,low,4,namesilo,,,17/09/2026 23:21
424deb94-3476-40e6-9b77-0f9dc8fa750a,baldy.games,available,33.99,33.99,medium,low,5,namesilo,,,21/09/2026 21:43
a2cb8c7b-3b34-46da-805e-211850e37789,mastercard.games,available,,,high,medium,10,,,,
f91d41f8-0046-46cb-aabe-f7c258176d94,choke.games,available,33.99,33.99,high,low,5,namesilo,,,24/09/2026 14:43
327e7d41-a9ab-4216-9bcd-df71a039f16d,sear.games,available,11.98,42.98,medium,low,4,namecheap,,,14/08/2026 19:05
e4bb67b9-6661-476a-9f4b-b677aec5b2f6,twinned.games,available,11.98,42.98,high,low,7,namecheap,,,24/08/2026 16:58
585e6b27-34cd-46bd-8402-eb5e8fed9be6,concretely.games,available,11.98,42.98,medium,low,10,namecheap,,,14/09/2026 08:12
bef83bfb-dfea-44dd-aaae-d524c4b09de2,businesslike.games,available,11.98,42.98,medium,low,12,namecheap,,,29/09/2026 02:32
dcfe2943-4e5a-454e-9154-76f9b49c64b9,woolf.games,available,33.99,33.99,medium,low,5,namesilo,,,17/09/2026 07:19
d5f22b78-3ba3-4818-b134-a98336353f9d,bode.games,available,33.99,33.99,high,low,4,namesilo,,,21/09/2026 03:28
c14c2ada-5053-4d2b-9c1b-c1770327923c,lance.games,available,10.55,27.11,high,low,5,spaceship,,,28/09/2026 05:44
2bb7a74e-b8c6-4c4c-aadf-0aa67f3fd41d,batholith.games,available,33.99,33.99,medium,low,9,namesilo,,,22/09/2026 13:43
f10975ef-009b-46d8-833a-11b9258e2714,arenaria.games,available,33.99,33.99,medium,low,8,namesilo,,,20/09/2026 03:39
a996b03a-2a3b-4629-8dbe-3fdf187663d0,diana.games,available,11.98,42.98,high,low,5,namecheap,,,25/09/2026 22:22
501abb53-7eb5-4939-96e5-950dac33bcdb,weed.games,premium,200.5,280,high,medium,4,unstoppable,,,29/09/2026 16:35
f6ce2d05-560c-49f6-8b10-6602993afb07,bates.games,available,10.55,27.11,medium,low,5,spaceship,,,28/09/2026 12:13
cb271810-036f-46e1-9b4c-0919c2cac3c0,superman.games,available,8.24,27.29,high,low,8,porkbun,,,29/09/2026 00:15
f44768e9-05e1-4dcd-b537-299bb1d7eff6,flat.games,resell,,,high,low,4,"Xiamen ChinaSource Internet Service Co., Ltd",04/02/2024 15:15,04/02/2027 15:15,26/09/2026 06:07
2c33f6de-4cc8-477e-8e75-af4fc54714ad,forgetful.games,available,11.98,42.98,medium,low,9,namecheap,,,18/08/2026 11:56
9c81f4e0-78cd-4b0c-aad9-d2875f933fc5,ioc.games,premium,51.43,102.67,high,low,3,spaceship,,,28/09/2026 07:36
955c0499-73da-4ccc-bdf3-ad792ba04d51,ala.games,premium,51.43,102.67,high,low,3,spaceship,,,28/09/2026 19:57
416a263a-9d16-45c7-a8d5-a9775ca38dcd,military.games,resell,,,high,low,8,"GoDaddy.com, LLC",26/12/2023 18:36,26/12/2026 18:36,26/09/2026 07:33
043ac37a-1f43-4923-8826-3d41b5daebb0,harm.games,available,11.98,42.98,high,low,4,namecheap,,,08/09/2026 07:44
5f818de3-8290-4205-81a5-2509649a482f,opined.games,available,10.55,27.11,low,low,6,spaceship,,,28/09/2026 09:10
ec6b3d05-acd5-4535-a4f5-3a66e530864a,checkup.games,available,11.98,42.98,high,low,7,namecheap,,,24/08/2026 18:57
71a79889-fa84-4c7b-b093-9bf6c1ea90df,banqueting.games,available,33.99,33.99,high,low,10,namesilo,,,22/09/2026 03:08
72338ac6-a4f1-4f4a-95ee-3915a7064126,coaches.games,available,11.98,42.98,high,low,7,namecheap,,,20/09/2026 07:46
4a24655d-281b-4c1c-9ed8-795635c9cd32,aesthesia.games,available,33.99,33.99,medium,low,9,namesilo,,,17/09/2026 13:26
677a2d04-a816-4c1d-9e15-ad933063a35b,improper.games,available,11.98,42.98,medium,low,8,namecheap,,,21/08/2026 23:12
20a3148d-50ba-41f3-8427-3fce548ce75c,prevent.games,available,19.99,,high,low,7,name.com,,,
309c5821-b788-4407-998a-ba68a687b396,mazy.games,available,11.98,42.98,medium,low,4,namecheap,,,22/08/2026 17:42
8bfe4ed4-c2b9-4830-af84-0bd3409985f4,keaton.games,available,26.2,26.2,medium,low,6,cloudflare,,,30/09/2026 00:55
fe035a2a-f5c6-48f5-94e8-8ca8ca8441b6,scots.games,available,11.98,42.98,high,low,5,namecheap,,,09/09/2026 23:33
5252ef4d-c442-455c-b624-d85233478bd5,repand.games,available,11.98,42.98,medium,low,6,namecheap,,,09/09/2026 14:25
21465835-1c1b-44f0-b01b-8001b3d6ab81,dvorak.games,available,11.98,42.98,medium,low,6,namecheap,,,19/09/2026 15:32
04216f69-21fd-4232-a37c-4cdc032b3ac0,negotiated.games,available,10.55,27.11,medium,low,10,spaceship,,,29/09/2026 23:38
4a2dcad5-e765-4205-b763-9457c98204fb,kwhr.games,available,33.99,33.99,high,low,5,namesilo,,,21/09/2026 11:57
e3fcd960-ff13-4de6-9110-c1dbb1428843,staffordshire.games,available,11.98,42.98,medium,low,13,namecheap,,,28/09/2026 11:53
4a91c83a-5351-4b1d-a0ef-5425013a21e0,deepening.games,available,11.98,42.98,high,low,9,namecheap,,,13/08/2026 23:00
f8fe7348-a7f1-49da-8d47-77f05c276a01,confront.games,available,8.24,28.04,high,low,8,dynadot,,,28/09/2026 09:44
223d2942-15d2-4e78-b12a-04719350e8fc,babbling.games,available,33.99,33.99,high,low,8,namesilo,,,21/09/2026 12:23
ab9ba6e1-b4cd-42a2-9e6f-026da7849305,armillaria.games,available,33.99,33.99,medium,low,10,namesilo,,,20/09/2026 07:07
d2296812-aefd-44c3-9e57-4c79dfc80985,cive.games,available,33.99,33.99,medium,low,4,namesilo,,,18/09/2026 11:31
15a2f097-9d59-491a-9031-04dadf80b762,igg.games,premium,,,high,low,3,,,,30/09/2026 01:57
6e38033f-4b53-4b43-b7bd-adec7a94d409,zeroth.games,available,11.98,42.98,medium,low,6,namecheap,,,13/09/2026 15:14
ac6a0925-a964-4090-ba3d-2e8a9a2694ef,ken.games,premium,108.9,108.9,high,low,3,dynadot,,,30/09/2026 02:05
959b1966-90c1-48b4-b05a-f4094738902e,masks.games,available,33.99,33.99,medium,low,5,namesilo,,,28/09/2026 09:01
8e664aa5-cff3-4af5-9234-c58733af5646,idyl.games,available,11.98,42.98,high,low,4,namecheap,,,08/09/2026 10:13
829b0b50-e1bf-4b9a-992d-438b0581c98e,veiled.games,available,11.98,42.98,medium,low,6,namecheap,,,13/09/2026 01:50
9f0b5de5-f742-40db-86e9-f69b1a2ed516,accra.games,premium,118.8,118.8,high,low,5,namesilo,,,16/09/2026 23:13
050949f7-71db-4841-91b3-cd585d9eec62,grotesque.games,available,11.98,42.98,medium,low,9,namecheap,,,
916e8a66-236b-4590-b8f0-42b7f122d1a1,violate.games,available,11.98,42.98,medium,low,7,namecheap,,,28/09/2026 13:36
651965c2-f44b-4b4d-9e80-2a0d9919d6a8,signs.games,available,33.99,33.99,high,low,5,namesilo,,,17/09/2026 04:39
8ad6d20d-fe1e-49c8-b6c5-53f80ceece0f,reservations.games,available,33.99,33.99,medium,low,12,namesilo,,,17/09/2026 23:30
fc5de914-03ad-4f8e-9f36-af1c386a88b2,camail.games,available,33.99,33.99,medium,low,6,namesilo,,,21/09/2026 09:01
53e66bc6-8b95-4644-922f-8deacdfa565e,age.games,premium,118.8,118.8,high,low,3,namesilo,,,19/09/2026 07:13
cbf098e7-43d9-4f4a-9b04-4a681b064fc5,piquant.games,available,11.98,42.98,high,low,7,namecheap,,,17/08/2026 07:38
fac5ce7c-6213-4213-b8e7-6d2a8def3068,testate.games,available,11.98,42.98,medium,low,7,namecheap,,,11/09/2026 12:00
28671960-92cb-42f4-bc81-cc18f09c0c79,duly.games,available,11.98,42.98,high,low,4,namecheap,,,14/09/2026 14:47
3b8143c6-b23e-4ada-8a34-c416b0540606,doyle.games,available,33.99,33.99,high,low,5,namesilo,,,25/09/2026 12:42
df53f4a5-0e5c-49cb-a5fc-c7d805234017,unhealed.games,available,11.98,42.98,medium,low,8,namecheap,,,12/09/2026 12:08
8f07e8f5-15d1-4512-9d41-baa1cf57e4c4,juxtaposed.games,available,11.98,42.98,medium,low,10,namecheap,,,22/08/2026 15:00
819be359-b0ef-4bd3-8340-3ab2cb0c1ef0,placate.games,available,11.98,42.98,high,low,7,namecheap,,,18/08/2026 22:12
0f79be95-7c38-4baf-807f-e6dd52c784c2,sneezing.games,available,19.99,,medium,low,8,name.com,,,
1983db5e-05f1-40e5-9e8e-31896b867674,indistinct.games,available,11.98,42.98,medium,low,10,namecheap,,,22/08/2026 03:14
baf4c9c7-0e75-4dba-a041-18537f815915,bathymetry.games,available,11.98,42.98,medium,low,10,namecheap,,,22/09/2026 13:55
b8a99dfa-c6a4-459e-9ad4-257c31be1657,angell.games,available,26.2,26.2,high,low,6,cloudflare,,,29/09/2026 21:36
390710ea-f3e0-45fb-92b6-3b2a3b1e1c86,overdue.games,available,11.98,42.98,medium,low,7,namecheap,,,26/09/2026 03:28
7cf659f1-8eba-41f7-941f-f43ccf7fb758,tangibly.games,available,33.99,33.99,medium,low,8,namesilo,,,16/09/2026 07:54
4bb74f18-6b80-460c-a31e-24875ba8a7ff,puissant.games,available,11.98,42.98,medium,low,8,namecheap,,,09/09/2026 05:53
bb30ae61-c098-4cdc-a94a-9319485a9dde,rental.games,premium,130,260,high,low,6,namecheap,,,09/09/2026 14:17
98a797c6-af06-4485-9cb3-2a1fe707ddfd,carrie.games,available,19.99,,high,low,6,name.com,,,
819b8f49-c586-4ede-a992-dc73fd1fe54e,athanasius.games,available,11.98,42.98,medium,low,10,namecheap,,,20/09/2026 20:26
e201ef49-1fa7-4ef3-96ef-617018cee392,appetizing.games,available,11.98,42.98,high,low,10,namecheap,,,06/08/2026 06:45
4475d987-3fb4-46b4-84ac-1bf67be4961d,prussian.games,available,11.98,42.98,high,low,8,namecheap,,,09/09/2026 04:50
b22489a7-d484-4e67-97a9-cade0459a855,pharmacy.games,available,33.99,33.99,high,low,8,namesilo,,,28/09/2026 21:46
6a4e287e-8b81-46e1-9694-1a81fc76240b,slavonic.games,available,11.98,42.98,high,low,8,namecheap,,,10/09/2026 10:34
c42592a9-0dfa-4a98-9ccb-8114d235a380,joanne.games,available,10.55,27.11,high,low,6,spaceship,,,27/09/2026 19:17
112308e3-04de-439a-b6e7-b3be3cb2e288,disagree.games,available,26.2,26.2,high,low,8,cloudflare,,,29/09/2026 15:32
033f2e19-ba58-41bc-8ed9-ae4a3265c97b,frankie.games,available,33.99,33.99,high,low,7,namesilo,,,26/09/2026 03:25
e59a94a3-8b90-4f2b-b821-3a128137385c,nac.games,premium,118.8,118.8,high,low,3,namesilo,,,29/09/2026 13:31
58655972-fb85-41b5-a4a4-62e57f2cfa1a,deciders.games,available,33.99,33.99,medium,low,8,namesilo,,,20/09/2026 23:38
efb67a3e-d678-4066-8f92-27c652e560bc,fag.games,premium,64.35,128.7,high,low,3,namecheap,,,09/09/2026 08:03
b659b126-09d5-447e-8a2a-d2e35ec10855,baruch.games,available,11.98,42.98,medium,low,6,namecheap,,,22/09/2026 09:33
662d261d-f8b6-472c-af3d-22d9635a1d41,credentials.games,available,33.99,33.99,high,low,11,namesilo,,,28/09/2026 08:17
427bf668-ce7a-4f38-b2f3-e4994c1c492f,italian.games,premium,64.35,128.7,high,low,7,namecheap,,,22/08/2026 11:36
2d0e5cfc-d873-4ecc-a4f0-477c2c6795e8,ssw.games,premium,118.8,118.8,high,low,3,namesilo,,,16/09/2026 05:21
e1f91b20-056e-4167-bb95-7913792724b4,joins.games,available,33.99,33.99,medium,low,5,namesilo,,,29/09/2026 17:15
6f9fc850-e018-43ef-b259-dbca2dfb2024,azygos.games,available,11.98,42.98,medium,low,6,namecheap,,,08/08/2026 03:32
a6b4655c-a712-4164-93ab-ce2803835beb,chalkboard.games,available,33.99,33.99,high,low,10,namesilo,,,24/09/2026 02:10
19dae3ed-f1e8-4396-8766-276c676aa955,fraternal.games,available,11.98,42.98,high,low,9,namecheap,,,10/08/2026 03:44
ccaff9d3-f33a-46bf-99bf-27578af90391,aura.games,resell,,,high,medium,4,"Xiamen ChinaSource Internet Service Co., Ltd",05/01/2021 08:23,05/01/2027 08:23,26/09/2026 04:08
fd0909ef-350c-4a33-af2a-e58b584823bb,immoderate.games,available,11.98,42.98,medium,low,10,namecheap,,,21/08/2026 21:07
e5829662-f754-4421-9448-5c21d2ecd006,harlan.games,available,33.99,33.99,high,low,6,namesilo,,,27/09/2026 08:13
33e953bf-5c3f-42d1-a825-e2e8d476f219,distinctive.games,available,10.55,27.11,high,low,11,spaceship,,,28/09/2026 20:58
21c199b6-2fae-4e71-8cea-367388b05e3f,skip.games,available,33.99,33.99,high,low,4,namesilo,,,25/09/2026 07:30
daf76553-d900-4126-96e4-2832ab1e728b,endurable.games,available,11.98,42.98,medium,low,9,namecheap,,,09/08/2026 04:33
0daf5f44-5f2c-483c-97e8-c391200e99ae,ooze.games,available,11.98,42.98,high,low,4,namecheap,,,04/09/2026 15:40
6bfd39af-e9d3-467b-91c3-843bad826993,branches.games,available,26.2,26.2,medium,low,8,cloudflare,,,28/09/2026 17:02
4fb96c7b-c014-49a8-bd9a-71fc01cfb13a,figural.games,available,11.98,42.98,medium,low,7,namecheap,,,18/08/2026 03:51
e856e688-d645-4fde-a25d-dc72329150cc,backstop.games,available,11.98,42.98,high,low,8,namecheap,,,21/09/2026 16:06
e52ea86e-758c-460c-b578-44f1e9ec7322,gravy.games,available,33.99,33.99,high,low,5,namesilo,,,24/09/2026 11:11
04ab16a4-30b1-4036-afff-71b16fa94380,dawdler.games,available,11.98,42.98,medium,low,7,namecheap,,,22/08/2026 18:40
adaf7ecc-7522-4dda-ac75-ca6437b79275,pornography.games,premium,64.35,128.7,medium,low,11,namecheap,,,28/09/2026 12:37
42b529db-04a2-4d2e-a565-ea71814d5200,sequester.games,available,11.98,42.98,high,low,9,namecheap,,,12/08/2026 21:06
43396a08-ab17-411e-94ac-088953aba85e,lagos.games,available,11.98,42.98,high,low,5,namecheap,,,27/09/2026 14:38
e15bc9c0-c077-4d2b-8da6-be8166a909c2,additive.games,available,11.98,42.98,high,low,8,namecheap,,,
e0a2f748-5a2f-4d2b-8912-41a7ebc85289,scotch.games,available,33.99,33.99,high,low,6,namesilo,,,24/09/2026 21:59
658bc38d-fc3b-4697-a669-d3537a518438,daytime.games,available,33.99,33.99,high,low,7,namesilo,,,29/09/2026 13:18
5cbf9eac-2e27-48e9-9cfd-42490fc6a743,auklet.games,available,33.99,33.99,medium,low,6,namesilo,,,21/09/2026 04:08
59d48dc1-79d9-408b-9112-b56282b71f1a,possessed.games,available,10.55,27.11,medium,low,9,spaceship,,,28/09/2026 03:28
299ea983-b428-4d5e-8945-416c00c77478,metaphor.games,available,10.55,27.11,high,low,8,spaceship,,,28/09/2026 14:52
f149e8a5-bb2d-4fcb-8c66-a83a58ba97db,dill.games,available,14.99,43.99,high,low,4,name.com,,,19/09/2026 05:36
e716071e-bd31-4f7f-86f3-146168fcda9b,silvio.games,available,10.55,27.11,medium,low,6,spaceship,,,30/09/2026 00:38
1f5c116c-35bc-4110-9eee-b6cb134ed692,clubhouse.games,available,26.2,26.2,high,low,9,cloudflare,,,29/09/2026 18:23
ac448546-bb24-4512-a641-070a43d2e86a,chimeric.games,available,11.98,42.98,medium,low,8,namecheap,,,12/08/2026 05:37
202d605c-52f4-48aa-a500-53a032775345,bakehouse.games,available,11.98,42.98,high,low,9,namecheap,,,21/09/2026 20:13
d7cceadc-0ef9-46f0-b141-5801cf1c2057,copperhead.games,available,11.98,42.98,medium,low,10,namecheap,,,17/09/2026 18:16
94149cab-8bbe-426c-bf2a-59d6af5937d6,skint.games,available,11.98,42.98,medium,low,5,namecheap,,,11/08/2026 05:21
98f6b9c5-c177-4365-b152-d665e9e0b1b6,mistake.games,available,11.98,42.98,high,low,7,namecheap,,,25/09/2026 05:40
5b2ed692-d2fd-453a-8f57-e70c3d8ec85f,prosperity.games,resell,,,high,low,10,,,,29/09/2026 01:54
1b13e26a-a29b-404a-8b71-1cf174089dd4,trujillo.games,available,10.55,27.11,medium,low,8,spaceship,,,28/09/2026 16:38
0b2d01fb-0fbc-405b-8f6f-564d73f3a22a,fizzle.games,available,11.98,42.98,medium,low,6,namecheap,,,11/08/2026 11:19
47b735a4-d07d-4812-9e93-e117608e6cc3,emigrants.games,available,11.98,42.98,medium,low,9,namecheap,,,27/09/2026 11:26
d72585fa-154c-45e8-8bb5-4ad31f9e6b15,qualification.games,available,19.99,,high,low,13,name.com,,,
7cf9ebfe-3b0e-477b-aa9f-b6890f9e0209,advocacy.games,available,33.99,33.99,high,low,8,namesilo,,,17/09/2026 11:40
fe6f531f-50dd-4246-a790-0aa3a1a8531f,sumptuary.games,available,11.98,42.98,medium,low,9,namecheap,,,11/09/2026 01:40
707a8f85-286d-4750-a746-b98cdcc5d71e,gassy.games,available,11.98,42.98,medium,low,5,namecheap,,,12/08/2026 16:36
0373dce3-26a4-44d8-8534-ca80e0cbc7dc,leopard.games,resell,,,high,low,7,,,,28/09/2026 06:09
64f435c0-baa4-4f6f-9aa5-167107f8a4eb,achaea.games,available,33.99,33.99,medium,low,6,namesilo,,,17/09/2026 00:27
2bc0cd11-af54-4af6-af5c-9f458ca02445,somerset.games,premium,64.35,128.7,high,low,8,namecheap,,,18/08/2026 08:27
86cecbdf-a9a2-4204-8265-9fed15e5cfb1,disneyland.games,available,10.55,27.11,high,low,10,spaceship,,,29/09/2026 16:04
55dcf011-789c-4f30-b7f2-3ac013f2d314,subaltern.games,available,11.98,42.98,medium,low,9,namecheap,,,22/08/2026 14:29
3975f6f2-607a-4e4c-89dc-08db5be9b366,plumbers.games,available,33.99,33.99,medium,low,8,namesilo,,,20/09/2026 11:13
f76a2c8c-89a3-4536-a5cc-7d978280dbe4,padua.games,available,26.2,26.2,medium,low,5,cloudflare,,,27/09/2026 15:08
ab5d586f-d9a2-416e-bad3-985d626297f8,angelica.games,available,33.99,33.99,high,low,8,namesilo,,,19/09/2026 05:57
bbd9b32c-3421-47a4-8ca8-6ba1b666f08d,panoramic.games,available,11.98,42.98,high,low,9,namecheap,,,22/09/2026 21:06
7eb104ed-b949-45a4-9b6b-0a992f498c6a,imperative.games,available,11.98,42.98,high,low,10,namecheap,,,08/09/2026 04:44
a8b3bf8f-7b98-4835-b301-389245e78858,sleeping.games,available,33.99,33.99,high,low,8,namesilo,,,27/09/2026 22:26
5aac6376-2fdb-430f-9040-49c972b5c5da,habitable.games,available,11.98,42.98,high,low,9,namecheap,,,20/08/2026 21:25
34ad8173-ccf7-4352-9921-ffe2333f67f9,cap.games,premium,103.7,207.2,high,low,3,spaceship,,,29/09/2026 06:43
7b6fb388-a876-4c13-b893-a9ddd4febaf8,scent.games,available,33.99,33.99,high,low,5,namesilo,,,20/09/2026 08:28
55b08f41-4bee-4dbf-81cb-fac55c05b119,coronary.games,available,11.98,42.98,high,low,8,namecheap,,,13/08/2026 01:44
ef4606c4-b46b-419a-a981-5b9c56693517,endermic.games,available,11.98,42.98,medium,low,8,namecheap,,,17/08/2026 00:56
6857697f-f99a-40f0-a27c-18f18d0865d4,biochemist.games,available,11.98,42.98,high,low,10,namecheap,,,23/09/2026 17:44
741a70d7-5c19-420c-a84a-139596cbfc0a,curium.games,available,11.98,42.98,medium,low,6,namecheap,,,21/09/2026 00:13
8e06e913-f1f6-4062-ba9b-0e492794d7b3,remain.games,available,19.99,,high,low,6,name.com,,,
67b020df-e86b-4f80-81cd-9556a3afb89f,dba.games,premium,51.43,102.67,high,low,3,spaceship,,,30/09/2026 01:16
2832ba8a-9f93-47d7-b49a-115c816bfa4b,clearing.games,available,33.99,33.99,high,low,8,namesilo,,,24/09/2026 15:28
e753eb56-e722-4056-8c3a-90db9ab8319c,valet.games,available,10.55,27.11,high,low,5,spaceship,,,29/09/2026 19:00
7406cb91-d296-474f-92f3-b7b849f2b35b,rainbow.games,resell,,,high,medium,7,"Chengdu West Dimension Digital Technology Co., Ltd.",17/12/2025 15:15,17/12/2026 15:15,26/09/2026 08:28
622b78f1-436a-452b-9627-ba74a092fd9a,artifacts.games,available,33.99,33.99,medium,low,9,namesilo,,,29/09/2026 17:20
d73c0f6d-1d37-4a5a-a267-6a035881e06f,blackish.games,available,11.98,42.98,medium,low,8,namecheap,,,10/08/2026 12:03
6d764ce6-5ca8-451e-b97a-f57a4ce2ee42,emphasize.games,available,33.99,33.99,high,low,9,namesilo,,,16/09/2026 21:52
8b0d2559-8c41-414d-9f9c-6cbbadceaffc,sights.games,available,8.24,28.04,high,low,6,dynadot,,,28/09/2026 10:56
c03558b3-c895-43f1-a81c-6b984f15b0a1,astrakhan.games,available,11.98,42.98,medium,low,9,namecheap,,,20/09/2026 17:31
e77ad331-45e5-4e49-9f66-1d5269660b3f,barman.games,available,33.99,33.99,high,low,6,namesilo,,,22/09/2026 06:19
a8139074-29f5-4096-8a9f-50d07f1e48ec,bankbook.games,available,33.99,33.99,medium,low,8,namesilo,,,22/09/2026 02:44
0175bc51-7cdd-4c65-bbe1-c4cfa193cfbe,arctan.games,available,33.99,33.99,medium,low,6,namesilo,,,20/09/2026 01:31
70255862-8168-486a-bbc5-b30f2c3b5a60,deterrent.games,available,11.98,42.98,high,low,9,namecheap,,,14/08/2026 04:48
55a3f168-6816-403f-aef0-a66991d0df16,entirety.games,available,10.55,27.11,high,low,8,spaceship,,,29/09/2026 18:15
76492253-379c-41be-9de9-524d47b8fdd0,aqueous.games,available,11.98,42.98,medium,low,7,namecheap,,,06/08/2026 10:50
7fddc554-1b97-4e7f-ae49-7aa754a36bb7,elise.games,available,33.99,33.99,medium,low,5,namesilo,,,28/09/2026 21:52
382f620f-eae3-4651-a23f-e4d1d309cbcf,warsaw.games,premium,51.43,102.67,high,low,6,spaceship,,,29/09/2026 06:15
76754e97-2ad1-4dff-9c16-f3d7daf6410f,yeoman.games,available,33.99,33.99,medium,low,6,namesilo,,,23/09/2026 01:07
f0ee697a-9ac1-4e91-af31-82dba100f7d4,jean.games,available,10.55,27.11,high,low,4,spaceship,,,28/09/2026 01:02
132e8152-53c8-41d6-9aa2-3f6d135dffb2,loverly.games,available,11.98,42.98,high,low,7,namecheap,,,24/08/2026 10:16
01fdf0c4-8a52-4bce-b0ad-14e4ee5e97dc,ftp.games,premium,,,high,low,3,,,,30/09/2026 01:37
c66f45a6-dbe3-40ab-acc9-140440ee999c,tree.games,resell,,,high,low,4,"Chengdu West Dimension Digital Technology Co., Ltd.",16/12/2025 15:15,16/12/2026 15:15,26/09/2026 09:45
7e125e04-2f6a-4f35-a7a8-d18b49e851d4,tramway.games,available,33.99,33.99,high,low,7,namesilo,,,17/09/2026 12:48
699b524f-e249-4e95-80e3-0bd16c567498,nauseous.games,available,11.98,42.98,medium,low,8,namecheap,,,24/08/2026 08:24
a82cdd9a-c77a-4b48-bd7c-89183c526e8d,blacksburg.games,available,33.99,33.99,medium,low,10,namesilo,,,24/09/2026 02:57
b00d9afa-32d6-41f0-838a-9cb89c66ade7,peaty.games,available,11.98,42.98,medium,low,5,namecheap,,,08/09/2026 11:28
5838f74d-a160-422c-b206-41743ed87e57,flatness.games,available,11.98,42.98,medium,low,8,namecheap,,,24/08/2026 17:17
7ae96ed5-a973-49e1-9ef6-69de7a735147,tucked.games,available,11.98,42.98,high,low,6,namecheap,,,11/09/2026 21:02
dc4b0052-7a01-46b7-b608-a5913c719c0f,utility.games,available,33.99,33.99,high,low,7,namesilo,,,19/09/2026 06:04
e8063118-4e5c-485c-96c8-e9763c60fae2,afflatus.games,available,33.99,33.99,medium,low,8,namesilo,,,17/09/2026 14:39
d1146f2a-8db1-4480-9ed9-d53896e9f1f8,biometrics.games,available,11.98,42.98,high,low,10,namecheap,,,23/09/2026 18:33
18953503-4ef2-4bd6-961d-252fad260bf7,manor.games,available,10.55,27.11,high,low,5,spaceship,,,28/09/2026 19:49
efef9898-24a8-44c9-b247-004261c06d1d,innate.games,available,11.98,42.98,high,low,6,namecheap,,,12/08/2026 21:44
18c70874-2db5-41af-86a4-1597d52d0497,monacan.games,available,11.98,42.98,medium,low,7,namecheap,,,25/08/2026 04:01
f56ad71d-35ee-48c7-91e6-655ca2676bc2,missions.games,available,10.55,27.11,high,low,8,spaceship,,,28/09/2026 23:16
fb3c5458-9616-463a-8d0a-9cf4471a7489,balthasar.games,available,11.98,42.98,high,low,9,namecheap,,,22/09/2026 00:15
5216f42e-8de7-4146-b428-beb769708591,leakproof.games,available,11.98,42.98,high,low,9,namecheap,,,22/08/2026 21:59
b0f759aa-57bf-4f6a-88aa-c36efa27901a,emotionally.games,available,10.55,27.11,high,low,11,spaceship,,,27/09/2026 17:53
9069a1f5-7aa6-46e9-a4b0-22efb79da87f,psychology.games,available,19.99,,high,low,10,name.com,,,
be50a9d3-ca59-4d5c-a7dc-3e1113e6c44c,dependable.games,available,11.98,42.98,high,low,10,namecheap,,,14/08/2026 02:04
d156cd10-6073-4321-9ece-b261f14487bb,exemplary.games,available,11.98,42.98,high,low,9,namecheap,,,21/09/2026 18:58
2bc19ca0-51b1-43e3-b619-1910c7494533,pushes.games,available,26.2,26.2,low,low,6,cloudflare,,,29/09/2026 06:04
014c1082-22f8-43df-943a-a1628932ca3e,eisenhower.games,available,8.24,28.04,medium,low,10,dynadot,,,28/09/2026 19:01
2468dcff-adcf-48e7-9abb-926a42c7c2a0,photo.games,premium,3450,3450,high,medium,5,namesilo,,,29/09/2026 14:22
1a577aca-131f-4547-847c-a7a861a8ee4a,chemic.games,available,11.98,42.98,medium,low,6,namecheap,,,12/08/2026 04:12
5d3775f5-3315-43f4-8b2e-fb59158c73da,deer.games,resell,,,high,low,4,"Xiamen ChinaSource Internet Service Co., Ltd",07/12/2022 15:15,07/12/2026 15:15,26/09/2026 05:28
1da1d8cc-150c-4903-a014-b2f9764a86b8,derrida.games,available,10.55,27.11,medium,low,7,spaceship,,,29/09/2026 18:37
50d405bd-9e16-45b3-aa9d-c44a748f9c69,pat.games,premium,118.8,118.8,high,low,3,namesilo,,,27/09/2026 03:00
49037f96-bc06-4316-af2a-6367832d482a,immigrant.games,available,10.55,27.11,high,low,9,spaceship,,,29/09/2026 13:05
4a2431f6-88a6-482f-a5f1-b298975b5c55,elect.games,available,11.98,42.98,high,low,5,namecheap,,,16/08/2026 02:30
df28484a-f489-468a-a9b1-e866610a552f,aculeus.games,available,33.99,33.99,medium,low,7,namesilo,,,17/09/2026 05:33
88a930ca-a326-4581-9f3c-ec3a908433f3,wise.games,resell,,,high,high,4,"Chengdu West Dimension Digital Technology Co., Ltd.",30/11/2018 21:31,30/11/2026 21:31,26/09/2026 10:11
6be03e24-555a-4a2b-a6c5-a642e1d746fc,vitiate.games,available,11.98,42.98,medium,low,7,namecheap,,,13/08/2026 02:22
7e8dfcf2-4a67-4e27-8505-f465150bf62a,nutbrown.games,available,11.98,42.98,medium,low,8,namecheap,,,03/09/2026 23:14
a9c2a372-bb70-458e-9057-b3509ba07f6f,contingent.games,available,33.99,33.99,high,low,10,namesilo,,,23/09/2026 22:07
93c0f03e-0e55-4fb5-a932-4403eca45f87,meyers.games,available,10.55,27.11,high,low,6,spaceship,,,27/09/2026 20:50
5e2eee8c-0088-4ac7-b0f7-32a2a6d4510a,soluble.games,available,11.98,42.98,high,low,7,namecheap,,,10/09/2026 13:45
80dd4e2c-c669-49c7-b956-310dd2f85541,compliments.games,available,26.2,26.2,high,low,11,cloudflare,,,29/09/2026 17:00
7efd8053-d9d1-4d6c-973b-1421c88f7252,serrate.games,available,11.98,42.98,medium,low,7,namecheap,,,03/09/2026 22:06
9d45cb74-1efc-4a10-8ffa-95c9dd7183b2,cleaver.games,available,33.99,33.99,medium,low,7,namesilo,,,29/09/2026 09:55
44763147-6b07-48f7-a09e-ed1773705a31,asala.games,available,33.99,33.99,medium,low,5,namesilo,,,16/09/2026 12:33
883bb1ff-002e-4195-abeb-cd1ee62d6b3d,surrounded.games,available,11.98,42.98,high,low,10,namecheap,,,16/08/2026 22:16
bd654f8a-8c76-4b30-9fb4-9e5f1482d34a,budgetary.games,available,11.98,42.98,medium,low,9,namecheap,,,11/08/2026 07:46
4bf4f1fa-1cc7-4055-a84c-c6d55e337732,cupidity.games,available,33.99,33.99,medium,low,8,namesilo,,,21/09/2026 08:48
9120ace3-7f17-4a92-a1d3-83eb9444eb8d,experiencing.games,available,8.24,27.29,high,low,12,porkbun,,,28/09/2026 13:20
e118b076-ab16-4ea8-97d3-a7ee20fa88db,buttonwood.games,available,14.99,43.99,high,low,10,name.com,,,18/09/2026 20:34
40ad437e-f609-46e4-bc84-a1b13b14cb11,veined.games,available,11.98,42.98,medium,low,6,namecheap,,,13/09/2026 01:53
527d5500-4de1-41d3-83f0-bae57941ee7b,petallike.games,available,11.98,42.98,medium,low,9,namecheap,,,08/09/2026 18:13
f5e3d9dc-30c5-41fc-94fa-dc036cfd6cff,soignee.games,available,11.98,42.98,medium,low,7,namecheap,,,10/09/2026 13:30
f8f074a5-43ce-4569-8f33-10927f488525,predatory.games,available,11.98,42.98,medium,low,9,namecheap,,,24/08/2026 15:43
fd196556-6b33-4944-abf0-664a1abd030c,register.games,premium,3450,3450,high,low,8,namesilo,,,25/09/2026 22:07
42d5b9b1-81dc-4a94-b021-059b14a2b6c4,biped.games,available,11.98,42.98,high,low,5,namecheap,,,10/08/2026 05:14
3083501c-134c-4174-891e-e694fbe47e05,rotated.games,available,8.24,28.04,high,low,7,dynadot,,,27/09/2026 14:36
042b57fc-c2d2-4b8e-9bbc-c1c8aa737e61,monoclonal.games,available,33.99,33.99,medium,low,10,namesilo,,,19/09/2026 05:27
83685d4d-2592-4059-9d32-5ed490d7e96a,voiceless.games,available,11.98,42.98,medium,low,9,namecheap,,,05/08/2026 23:23
a8b3e1ef-821e-44ec-8ad6-0af5130e17ae,kitchen.games,premium,118.8,118.8,high,low,7,namesilo,,,30/09/2026 01:38
437cdbc9-2589-4a96-99ec-064527740c78,freed.games,available,33.99,33.99,medium,low,5,namesilo,,,29/09/2026 05:07
5e0d4134-c4eb-40b2-97a6-66b693e0a165,monitoring.games,available,,,high,low,10,,,,
98d32e03-c30d-4930-91b6-62879e2de7ee,badinage.games,available,11.98,42.98,medium,low,8,namecheap,,,21/09/2026 17:13
f8b04056-403d-408b-bb89-d3565f3a428e,attilio.games,available,33.99,33.99,medium,low,7,namesilo,,,21/09/2026 01:49
02ae5ec5-8fcf-4415-8f8c-b0446b218d23,dye.games,premium,118.8,118.8,high,low,3,namesilo,,,29/09/2026 17:21
cca14b8a-0363-4c70-aff1-6c1f53daf4de,issue.games,available,35,,high,low,5,unstoppable,,,29/09/2026 11:12
89557c8f-038d-4ca0-a320-c831fd15c93e,bethe.games,available,11.98,42.98,high,low,5,namecheap,,,23/09/2026 11:12
a6960688-39eb-4b06-bed8-a7f99b3ff4d8,deployed.games,available,35,,medium,low,8,unstoppable,,,29/09/2026 16:37
0ab95c00-ff6a-45b6-af3e-47541e026356,rhyming.games,available,11.98,42.98,high,low,7,namecheap,,,09/09/2026 16:53
c518257d-852e-4479-9392-0c06bcc70237,babirusa.games,available,33.99,33.99,medium,low,8,namesilo,,,21/09/2026 12:44
af509e91-bb12-4b31-83f1-4a9fed42f03e,freaks.games,available,26.2,26.2,low,low,6,cloudflare,,,30/09/2026 00:34
1cb1cbc7-ec5e-42db-bba5-e39e3e0933a8,ageism.games,available,33.99,33.99,medium,low,6,namesilo,,,17/09/2026 16:54
7d91fc9e-927e-4240-9068-e45ba90cabf7,popish.games,available,11.98,42.98,medium,low,6,namecheap,,,05/09/2026 01:32
e5845e2c-ddaa-4e74-a73a-173d2da230f0,beadwork.games,available,11.98,42.98,high,low,8,namecheap,,,22/09/2026 19:29
cdd2e96c-aca8-48c7-918e-9a652bfd6613,xlii.games,available,11.98,42.98,medium,low,4,namecheap,,,
dd7622f9-9ba4-4806-909c-29c24c5ef9ff,anglosaxon.games,available,33.99,33.99,medium,low,11,namesilo,,,29/09/2026 02:54
cc4edd3a-cbe1-41b2-b0eb-a5d4c8380e7a,enjoyed.games,available,33.99,33.99,medium,low,7,namesilo,,,25/09/2026 20:42
39f7c7eb-c5f3-4621-8038-8d17df0569ae,mess.games,available,11.98,42.98,high,low,4,namecheap,,,25/08/2026 00:30
a1e9f32a-279c-45a8-bbf6-e23d1c9894f2,caudate.games,available,11.98,42.98,medium,low,7,namecheap,,,11/08/2026 22:26
38be1c58-8ef7-4ba3-9950-aaf8c53574e6,platt.games,available,11.98,42.98,high,low,5,namecheap,,,27/09/2026 06:33
b8a07fb2-8c89-4d62-b34d-a0d3c6d01a88,arbitrarily.games,available,19.99,,medium,low,11,name.com,,,
c892ff94-9022-486a-8e56-d8f1c59a5485,honored.games,available,11.98,42.98,high,low,7,namecheap,,,17/08/2026 13:25
aea4aa7e-6331-4176-bc4f-607b92c10cfb,zonary.games,available,11.98,42.98,medium,low,6,namecheap,,,13/09/2026 15:31
d30da098-ba42-48f1-9dd0-c6e485c2e4d5,monestrous.games,available,11.98,42.98,low,low,10,namecheap,,,25/08/2026 04:32
6643307e-c905-4f07-87cd-8fb36b728b27,radcliffe.games,available,11.98,42.98,medium,low,9,namecheap,,,27/09/2026 07:53
cea706fa-6efe-485e-bfc9-ca41e4d46643,balkans.games,available,33.99,33.99,medium,low,7,namesilo,,,21/09/2026 22:15
3cdf1212-5bf5-4840-8458-83743eb9940c,schuyler.games,available,10.55,27.11,high,low,8,spaceship,,,28/09/2026 04:05
d512889b-0f90-47f7-8454-758361cc8cef,cruddy.games,available,11.98,42.98,medium,low,6,namecheap,,,13/08/2026 08:44
d9738b34-598d-4d8c-835d-dc57c34ccab1,groggy.games,available,11.98,42.98,medium,low,6,namecheap,,,18/08/2026 09:53
1974b08c-c665-4dc5-8abd-830e49922294,isomers.games,available,8.24,28.04,medium,low,7,dynadot,,,29/09/2026 11:02
87499317-f358-4d12-8ba6-1fc286dab3e1,paramedic.games,available,11.98,42.98,high,low,9,namecheap,,,08/09/2026 00:59
76ea2fc9-023a-427e-85bd-fd30359097e5,nudity.games,available,33.99,33.99,medium,low,6,namesilo,,,30/09/2026 02:22
d5d387a9-fb2c-4b8e-a63a-1b134be11c26,dentate.games,available,11.98,42.98,medium,low,7,namecheap,,,14/08/2026 01:57
3fd4cce1-11e8-4985-a4a7-2817f1171f57,chadwick.games,available,33.99,33.99,medium,low,8,namesilo,,,28/09/2026 08:16
1560ead0-fdd8-4149-bc19-a063f2ce7c4a,unthankful.games,available,11.98,42.98,low,low,10,namecheap,,,11/09/2026 12:29
010e1084-5956-4c6a-91ad-ff8b3102b1d8,tit.games,premium,51.43,102.67,high,low,3,spaceship,,,29/09/2026 19:36
921e08ca-23a0-4fe4-b444-fd5c89655c65,korean.games,premium,64.35,128.7,high,low,6,namecheap,,,22/08/2026 17:02
e8cbe0be-432f-4963-b43c-1aa68ce1ab37,laotian.games,available,11.98,42.98,medium,low,7,namecheap,,,22/08/2026 19:36
01b6f490-fa07-4de4-84cd-270ecc02cc18,flavourful.games,available,11.98,42.98,medium,low,10,namecheap,,,18/08/2026 07:06
dfcccedb-36e7-4122-a592-ad5864bb925e,obscene.games,available,11.98,42.98,high,low,7,namecheap,,,
0a206399-56fc-4868-bc41-dde57d326bc0,lossless.games,available,11.98,42.98,medium,low,8,namecheap,,,24/08/2026 09:56
dc373398-d680-4522-9ed7-c53dd8ceafda,athene.games,available,11.98,42.98,high,low,6,namecheap,,,20/09/2026 20:37
cc33f6d1-0a0f-418b-b02f-eaac1d6d40d8,nonverbal.games,available,11.98,42.98,medium,low,9,namecheap,,,03/09/2026 21:00
abaa655f-c24b-4511-8748-7037e50352ab,decades.games,available,33.99,33.99,low,low,7,namesilo,,,28/09/2026 13:15
a1a4120f-d440-44f6-8463-6a6db9bbeb9d,smoothly.games,available,11.98,42.98,high,low,8,namecheap,,,16/09/2026 02:56
7b838e6e-f9e6-4d07-9744-45cd206a21bb,mussolini.games,available,33.99,33.99,medium,low,9,namesilo,,,23/09/2026 08:12
de10b55a-997d-4c16-a084-e3dee97d14af,angelique.games,available,33.99,33.99,high,low,9,namesilo,,,19/09/2026 05:58
e377310f-9ba1-480a-8f25-f878a5a750ab,extraneous.games,available,11.98,42.98,medium,low,10,namecheap,,,17/08/2026 19:20
99d0bcc5-15c8-4abe-8525-0d15dca71829,studying.games,available,33.99,33.99,high,low,8,namesilo,,,25/09/2026 09:55
1e11a580-f104-4028-bcd3-6a3161d48c2d,poughkeepsie.games,available,26.2,26.2,medium,low,12,cloudflare,,,29/09/2026 04:37
4c968f2c-175f-4634-b4ac-d3a3bb5bbc5c,anyone.games,available,19.99,,medium,low,6,name.com,,,
66bfcadb-b45e-494a-9e18-a280c42a4810,clinics.games,available,11.98,42.98,medium,low,7,namecheap,,,20/09/2026 12:34
a6c0a9a1-bf40-46cb-b17f-d52c8250719d,andre.games,available,8.24,27.29,high,low,5,porkbun,,,28/09/2026 04:04
c577acf2-dad6-42f5-9220-1a9922546113,competition.games,premium,242,242,high,low,11,namesilo,,,25/09/2026 16:42
2f43c1a8-9103-42d9-baf0-1722dcb1a721,ppm.games,premium,118.8,118.8,high,low,3,namesilo,,,28/09/2026 08:29